doculect_a,doculect_b,d,n_coderivative_sets,n_shared_concepts,n_consonant_slots,n_gaps,gap_slot_ratio
idssegmented-bulgarian,wold-Romanian,2.982,1520,680,3837,2505,0.395
idssegmented-bulgarian,idssegmented-ancientgreek,3.3994,2028,770,5310,3593,0.4036
idssegmented-bulgarian,idssegmented-judeotat,3.4355,1221,541,3063,2124,0.4095
idssegmented-bulgarian,idssegmented-serbocroatian,1.8902,1964,872,5681,2563,0.3109
idssegmented-bulgarian,wold-SeychellesCreole,3.2978,1505,671,3388,3047,0.4735
idssegmented-bulgarian,idssegmented-albaniantoskvariety,3.1642,1459,659,3757,2585,0.4076
idssegmented-bulgarian,idssegmented-armenianeasternvariety,3.7018,1576,665,4273,2810,0.3967
idssegmented-bulgarian,idssegmented-armenianwesternvariety,3.6817,1650,717,4414,2913,0.3976
idssegmented-bulgarian,idssegmented-yiddish,3.1434,1668,764,4923,2882,0.3693
idssegmented-bulgarian,idssegmented-breton,3.2526,1182,580,3123,2161,0.409
idssegmented-bulgarian,keypano-Spanish,3.4093,1773,807,4823,2855,0.3718
idssegmented-bulgarian,wold-LowerSorbian,2.8444,1270,717,3490,1950,0.3585
idssegmented-bulgarian,idssegmented-romani,3.1363,1269,635,3228,2472,0.4337
idssegmented-bulgarian,idssegmented-moderngreek,3.238,1682,804,4496,3049,0.4041
idssegmented-bulgarian,keypano-Portuguese,3.3738,1609,758,4206,2600,0.382
idssegmented-bulgarian,idssegmented-jamaicancreolelimonesecreoledialect,2.93,817,449,1814,1813,0.4999
idssegmented-bulgarian,wold-SeliceRomani,3.1115,1127,554,3131,1973,0.3866
idssegmented-bulgarian,idssegmented-persian,3.3006,957,479,2455,1632,0.3993
idssegmented-bulgarian,wold-Dutch,3.1571,1121,657,2940,2083,0.4147
idssegmented-bulgarian,wold-English,2.9923,1042,604,2480,2288,0.4799
idssegmented-bulgarian,northeuralex-hin,3.4533,433,221,1017,706,0.4098
idssegmented-bulgarian,wold-Saramaccan,3.3156,571,350,1112,1244,0.528
idssegmented-bulgarian,wold-OldHighGerman,3.2696,869,514,2240,1337,0.3738
idssegmented-bulgarian,northeuralex-lit,3.1263,322,195,887,504,0.3623
idssegmented-bulgarian,idssegmented-negerhollands,2.9745,680,309,1488,1367,0.4788
idssegmented-bulgarian,idssegmented-oldchurchslavonic,1.9488,1085,531,3085,1532,0.3318
idssegmented-bulgarian,northeuralex-hrv,1.4444,511,331,1422,574,0.2876
idssegmented-bulgarian,northeuralex-ron,2.9454,394,235,971,582,0.3748
idssegmented-bulgarian,northeuralex-gle,3.5956,271,159,643,506,0.4404
idssegmented-bulgarian,northeuralex-lav,2.993,393,224,999,620,0.383
idssegmented-bulgarian,northeuralex-ita,3.2293,337,201,798,507,0.3885
idssegmented-bulgarian,northeuralex-oss,3.1885,251,143,626,399,0.3893
idssegmented-bulgarian,northeuralex-por,3.3796,461,254,1188,712,0.3747
idssegmented-bulgarian,northeuralex-pes,3.0574,236,147,680,442,0.3939
idssegmented-bulgarian,northeuralex-fra,3.2171,403,241,912,723,0.4422
idssegmented-bulgarian,northeuralex-slk,1.9301,488,304,1360,536,0.2827
idssegmented-bulgarian,northeuralex-spa,3.3845,382,227,983,607,0.3818
idssegmented-bulgarian,northeuralex-bul,0.6542,542,381,1582,324,0.17
idssegmented-bulgarian,northeuralex-pbu,3.4255,241,153,604,368,0.3786
idssegmented-bulgarian,northeuralex-sqi,3.0822,335,190,852,606,0.4156
idssegmented-bulgarian,northeuralex-nld,3.1167,361,232,908,572,0.3865
idssegmented-bulgarian,northeuralex-cym,3.4369,228,148,547,318,0.3676
idssegmented-bulgarian,northeuralex-swe,3.0164,324,193,794,545,0.407
idssegmented-bulgarian,northeuralex-isl,3.0208,249,176,626,378,0.3765
idssegmented-bulgarian,northeuralex-ell,3.0802,445,259,1159,723,0.3842
idssegmented-bulgarian,northeuralex-ces,1.7692,446,293,1239,474,0.2767
idssegmented-bulgarian,northeuralex-cat,3.1592,329,201,760,539,0.4149
idssegmented-bulgarian,northeuralex-pol,1.9944,443,298,1066,510,0.3236
idssegmented-bulgarian,northeuralex-nor,2.8731,299,187,717,505,0.4133
wold-Romanian,idssegmented-ancientgreek,3.2062,1426,687,3419,2640,0.4357
wold-Romanian,idssegmented-judeotat,3.5023,995,541,2371,1739,0.4231
wold-Romanian,idssegmented-serbocroatian,2.8765,1211,629,2979,1975,0.3987
wold-Romanian,wold-SeychellesCreole,2.8204,1218,691,2645,2356,0.4711
wold-Romanian,idssegmented-albaniantoskvariety,2.844,973,561,2295,1619,0.4136
wold-Romanian,idssegmented-armenianeasternvariety,3.4939,884,512,2041,1652,0.4473
wold-Romanian,idssegmented-armenianwesternvariety,3.4787,940,544,2133,1738,0.449
wold-Romanian,idssegmented-yiddish,3.0486,1025,612,2636,1700,0.3921
wold-Romanian,idssegmented-breton,2.9171,892,531,2112,1568,0.4261
wold-Romanian,keypano-Spanish,2.5061,1206,692,3039,1996,0.3964
wold-Romanian,wold-LowerSorbian,3.1419,885,592,2156,1431,0.3989
wold-Romanian,idssegmented-romani,2.7209,829,506,1960,1282,0.3954
wold-Romanian,idssegmented-moderngreek,3.1124,1134,676,2839,1990,0.4121
wold-Romanian,keypano-Portuguese,2.6033,1048,645,2493,1674,0.4017
wold-Romanian,idssegmented-jamaicancreolelimonesecreoledialect,2.4106,640,423,1371,1235,0.4739
wold-Romanian,wold-SeliceRomani,3.1218,827,536,1954,1390,0.4157
wold-Romanian,idssegmented-persian,3.2545,648,411,1513,1125,0.4265
wold-Romanian,wold-Dutch,2.7152,888,655,2226,1521,0.4059
wold-Romanian,wold-English,2.3022,862,632,1999,1698,0.4593
wold-Romanian,northeuralex-hin,3.3088,233,171,489,341,0.4108
wold-Romanian,wold-Saramaccan,3.2141,482,373,911,937,0.507
wold-Romanian,wold-OldHighGerman,3.1413,554,435,1246,883,0.4147
wold-Romanian,northeuralex-lit,3.4031,206,165,521,308,0.3715
wold-Romanian,idssegmented-negerhollands,2.7543,426,262,867,829,0.4888
wold-Romanian,idssegmented-oldchurchslavonic,3.0385,682,396,1637,1122,0.4067
wold-Romanian,northeuralex-hrv,2.8053,241,193,524,336,0.3907
wold-Romanian,northeuralex-ron,0.5254,425,336,1180,343,0.2252
wold-Romanian,northeuralex-gle,3.1361,165,137,338,292,0.4635
wold-Romanian,northeuralex-lav,3.1646,244,191,565,382,0.4034
wold-Romanian,northeuralex-ita,1.7941,268,225,607,302,0.3322
wold-Romanian,northeuralex-oss,3.3484,144,123,310,229,0.4249
wold-Romanian,northeuralex-por,2.4009,297,230,696,454,0.3948
wold-Romanian,northeuralex-pes,3.2177,127,112,294,200,0.4049
wold-Romanian,northeuralex-fra,2.6055,247,192,512,428,0.4553
wold-Romanian,northeuralex-slk,3.0416,217,180,481,333,0.4091
wold-Romanian,northeuralex-spa,2.0078,263,216,637,380,0.3736
wold-Romanian,northeuralex-bul,2.5536,239,194,560,330,0.3708
wold-Romanian,northeuralex-pbu,3.5633,154,123,300,246,0.4505
wold-Romanian,northeuralex-sqi,2.5446,195,168,426,277,0.394
wold-Romanian,northeuralex-nld,2.6391,233,197,532,373,0.4122
wold-Romanian,northeuralex-cym,2.5851,150,133,335,241,0.4184
wold-Romanian,northeuralex-swe,2.6901,195,161,413,322,0.4381
wold-Romanian,northeuralex-isl,2.8941,148,127,321,227,0.4142
wold-Romanian,northeuralex-ell,2.8436,244,207,569,404,0.4152
wold-Romanian,northeuralex-ces,2.9934,202,165,454,299,0.3971
wold-Romanian,northeuralex-cat,1.6949,233,203,554,312,0.3603
wold-Romanian,northeuralex-pol,3.3622,190,164,392,289,0.4244
wold-Romanian,northeuralex-nor,2.5878,183,162,393,328,0.4549
idssegmented-ancientgreek,idssegmented-judeotat,3.6035,1113,535,2648,2012,0.4318
idssegmented-ancientgreek,idssegmented-serbocroatian,3.3747,1515,696,3929,2649,0.4027
idssegmented-ancientgreek,wold-SeychellesCreole,3.2682,1311,648,2856,2626,0.479
idssegmented-ancientgreek,idssegmented-albaniantoskvariety,3.3319,1329,686,3188,2360,0.4254
idssegmented-ancientgreek,idssegmented-armenianeasternvariety,3.5719,1083,563,2691,2034,0.4305
idssegmented-ancientgreek,idssegmented-armenianwesternvariety,3.6392,1204,633,2957,2203,0.4269
idssegmented-ancientgreek,idssegmented-yiddish,3.3517,1341,697,3634,2362,0.3939
idssegmented-ancientgreek,idssegmented-breton,3.0637,1042,569,2574,1967,0.4332
idssegmented-ancientgreek,keypano-Spanish,3.268,1401,732,3433,2244,0.3953
idssegmented-ancientgreek,wold-LowerSorbian,3.5984,946,572,2216,1566,0.4141
idssegmented-ancientgreek,idssegmented-romani,3.2756,1098,586,2489,2070,0.454
idssegmented-ancientgreek,idssegmented-moderngreek,2.0014,1538,823,4286,2103,0.3292
idssegmented-ancientgreek,keypano-Portuguese,3.2846,1243,682,2916,2123,0.4213
idssegmented-ancientgreek,idssegmented-jamaicancreolelimonesecreoledialect,3.0515,733,436,1591,1625,0.5053
idssegmented-ancientgreek,wold-SeliceRomani,3.4192,860,496,2080,1483,0.4162
idssegmented-ancientgreek,idssegmented-persian,3.4616,872,493,2082,1587,0.4325
idssegmented-ancientgreek,wold-Dutch,3.2282,899,587,2318,1745,0.4295
idssegmented-ancientgreek,wold-English,2.9281,845,559,1962,1934,0.4964
idssegmented-ancientgreek,northeuralex-hin,3.2358,295,186,653,506,0.4366
idssegmented-ancientgreek,wold-Saramaccan,3.5374,549,358,1042,1123,0.5187
idssegmented-ancientgreek,wold-OldHighGerman,3.396,761,529,1770,1264,0.4166
idssegmented-ancientgreek,northeuralex-lit,2.8689,275,179,732,376,0.3394
idssegmented-ancientgreek,idssegmented-negerhollands,3.0145,522,268,1104,1029,0.4824
idssegmented-ancientgreek,idssegmented-oldchurchslavonic,3.321,820,441,1972,1284,0.3943
idssegmented-ancientgreek,northeuralex-hrv,3.2859,294,190,675,444,0.3968
idssegmented-ancientgreek,northeuralex-ron,3.2688,318,212,744,542,0.4215
idssegmented-ancientgreek,northeuralex-gle,3.6409,241,156,557,436,0.4391
idssegmented-ancientgreek,northeuralex-lav,2.9811,280,177,687,404,0.3703
idssegmented-ancientgreek,northeuralex-ita,3.2027,236,179,528,373,0.414
idssegmented-ancientgreek,northeuralex-oss,3.5418,233,155,526,366,0.4103
idssegmented-ancientgreek,northeuralex-por,3.3192,332,220,777,555,0.4167
idssegmented-ancientgreek,northeuralex-pes,3.2861,175,124,423,318,0.4291
idssegmented-ancientgreek,northeuralex-fra,3.3638,270,173,558,538,0.4909
idssegmented-ancientgreek,northeuralex-slk,3.2438,293,192,648,468,0.4194
idssegmented-ancientgreek,northeuralex-spa,3.2757,304,211,700,457,0.395
idssegmented-ancientgreek,northeuralex-bul,3.3875,292,199,720,419,0.3679
idssegmented-ancientgreek,northeuralex-pbu,3.6929,182,122,407,294,0.4194
idssegmented-ancientgreek,northeuralex-sqi,3.5264,213,149,473,323,0.4058
idssegmented-ancientgreek,northeuralex-nld,3.0079,262,185,632,462,0.4223
idssegmented-ancientgreek,northeuralex-cym,3.2412,212,159,514,349,0.4044
idssegmented-ancientgreek,northeuralex-swe,3.1609,231,163,522,412,0.4411
idssegmented-ancientgreek,northeuralex-isl,3.2229,211,154,516,315,0.3791
idssegmented-ancientgreek,northeuralex-ell,1.7538,361,248,999,426,0.2989
idssegmented-ancientgreek,northeuralex-ces,3.194,268,173,598,428,0.4172
idssegmented-ancientgreek,northeuralex-cat,3.0777,244,171,566,424,0.4283
idssegmented-ancientgreek,northeuralex-pol,3.3855,273,185,550,404,0.4235
idssegmented-ancientgreek,northeuralex-nor,2.9481,237,168,520,462,0.4705
idssegmented-judeotat,idssegmented-serbocroatian,3.4824,1074,549,2693,1760,0.3952
idssegmented-judeotat,wold-SeychellesCreole,3.5513,820,437,1774,1453,0.4503
idssegmented-judeotat,idssegmented-albaniantoskvariety,3.3023,842,482,1975,1402,0.4152
idssegmented-judeotat,idssegmented-armenianeasternvariety,3.5154,867,520,2113,1555,0.4239
idssegmented-judeotat,idssegmented-armenianwesternvariety,3.4142,958,567,2344,1720,0.4232
idssegmented-judeotat,idssegmented-yiddish,3.3217,894,527,2381,1471,0.3819
idssegmented-judeotat,idssegmented-breton,3.4945,679,441,1622,1189,0.423
idssegmented-judeotat,keypano-Spanish,3.4754,931,539,2333,1594,0.4059
idssegmented-judeotat,wold-LowerSorbian,3.5528,685,458,1704,1205,0.4142
idssegmented-judeotat,idssegmented-romani,3.285,752,451,1744,1474,0.458
idssegmented-judeotat,idssegmented-moderngreek,3.5575,905,542,2219,1556,0.4122
idssegmented-judeotat,keypano-Portuguese,3.4731,862,535,2042,1425,0.411
idssegmented-judeotat,idssegmented-jamaicancreolelimonesecreoledialect,3.2925,535,342,1111,964,0.4646
idssegmented-judeotat,wold-SeliceRomani,3.429,620,382,1557,1062,0.4055
idssegmented-judeotat,idssegmented-persian,2.5336,857,543,2348,1232,0.3441
idssegmented-judeotat,wold-Dutch,3.3439,598,434,1518,1047,0.4082
idssegmented-judeotat,wold-English,3.3357,583,421,1287,1076,0.4554
idssegmented-judeotat,northeuralex-hin,2.8902,246,171,601,292,0.327
idssegmented-judeotat,wold-Saramaccan,3.615,335,264,665,632,0.4873
idssegmented-judeotat,wold-OldHighGerman,3.4812,445,336,1039,689,0.3987
idssegmented-judeotat,northeuralex-lit,3.4507,177,134,426,291,0.4059
idssegmented-judeotat,idssegmented-negerhollands,3.1884,421,239,876,690,0.4406
idssegmented-judeotat,idssegmented-oldchurchslavonic,3.3141,604,355,1487,1042,0.412
idssegmented-judeotat,northeuralex-hrv,3.2248,212,149,467,304,0.3943
idssegmented-judeotat,northeuralex-ron,3.5336,200,155,431,281,0.3947
idssegmented-judeotat,northeuralex-gle,3.5171,165,128,350,248,0.4147
idssegmented-judeotat,northeuralex-lav,3.4538,162,128,379,235,0.3827
idssegmented-judeotat,northeuralex-ita,3.187,160,125,369,219,0.3724
idssegmented-judeotat,northeuralex-oss,3.0947,175,138,433,241,0.3576
idssegmented-judeotat,northeuralex-por,3.5041,216,166,490,280,0.3636
idssegmented-judeotat,northeuralex-pes,2.1257,234,186,700,276,0.2828
idssegmented-judeotat,northeuralex-fra,3.5714,163,123,336,236,0.4126
idssegmented-judeotat,northeuralex-slk,3.2339,179,138,389,235,0.3766
idssegmented-judeotat,northeuralex-spa,3.5117,166,131,383,250,0.3949
idssegmented-judeotat,northeuralex-bul,3.1356,169,130,376,234,0.3836
idssegmented-judeotat,northeuralex-pbu,2.8126,176,140,443,229,0.3408
idssegmented-judeotat,northeuralex-sqi,3.0221,145,119,317,182,0.3647
idssegmented-judeotat,northeuralex-nld,3.2,172,141,400,239,0.374
idssegmented-judeotat,northeuralex-cym,3.3902,128,105,287,200,0.4107
idssegmented-judeotat,northeuralex-swe,3.3199,148,119,322,197,0.3796
idssegmented-judeotat,northeuralex-isl,3.4386,124,101,285,213,0.4277
idssegmented-judeotat,northeuralex-ell,3.3548,185,140,434,298,0.4071
idssegmented-judeotat,northeuralex-ces,3.2759,184,139,435,253,0.3677
idssegmented-judeotat,northeuralex-cat,3.6224,154,122,331,234,0.4142
idssegmented-judeotat,northeuralex-pol,3.4958,165,135,355,231,0.3942
idssegmented-judeotat,northeuralex-nor,2.9843,147,120,318,228,0.4176
idssegmented-serbocroatian,wold-SeychellesCreole,3.1641,1107,605,2498,2036,0.4491
idssegmented-serbocroatian,idssegmented-albaniantoskvariety,3.1104,1087,587,2736,1805,0.3975
idssegmented-serbocroatian,idssegmented-armenianeasternvariety,3.59,997,549,2549,1688,0.3984
idssegmented-serbocroatian,idssegmented-armenianwesternvariety,3.5876,1133,617,2864,1885,0.3969
idssegmented-serbocroatian,idssegmented-yiddish,3.0658,1163,655,3235,1817,0.3597
idssegmented-serbocroatian,idssegmented-breton,3.2919,955,561,2316,1646,0.4154
idssegmented-serbocroatian,keypano-Spanish,3.2528,1316,713,3425,2092,0.3792
idssegmented-serbocroatian,wold-LowerSorbian,2.4357,977,666,2589,1336,0.3404
idssegmented-serbocroatian,idssegmented-romani,2.9395,953,555,2315,1576,0.405
idssegmented-serbocroatian,idssegmented-moderngreek,3.3336,1280,732,3414,2157,0.3872
idssegmented-serbocroatian,keypano-Portuguese,3.2879,1156,674,2838,1757,0.3824
idssegmented-serbocroatian,idssegmented-jamaicancreolelimonesecreoledialect,2.922,672,425,1462,1317,0.4739
idssegmented-serbocroatian,wold-SeliceRomani,2.967,741,454,1909,1189,0.3838
idssegmented-serbocroatian,idssegmented-persian,3.5008,788,474,1947,1233,0.3877
idssegmented-serbocroatian,wold-Dutch,3.0762,860,587,2245,1489,0.3988
idssegmented-serbocroatian,wold-English,2.8127,788,550,1805,1536,0.4597
idssegmented-serbocroatian,northeuralex-hin,3.1793,269,175,619,368,0.3728
idssegmented-serbocroatian,wold-Saramaccan,3.2867,485,350,966,958,0.4979
idssegmented-serbocroatian,wold-OldHighGerman,3.231,622,466,1489,825,0.3565
idssegmented-serbocroatian,northeuralex-lit,2.8503,344,245,935,504,0.3502
idssegmented-serbocroatian,idssegmented-negerhollands,2.9258,564,301,1199,1042,0.465
idssegmented-serbocroatian,idssegmented-oldchurchslavonic,1.5125,1020,561,2849,1236,0.3026
idssegmented-serbocroatian,northeuralex-hrv,0.7365,583,418,1651,385,0.1891
idssegmented-serbocroatian,northeuralex-ron,2.8033,356,251,854,520,0.3785
idssegmented-serbocroatian,northeuralex-gle,3.4172,189,128,441,332,0.4295
idssegmented-serbocroatian,northeuralex-lav,2.5703,319,230,789,441,0.3585
idssegmented-serbocroatian,northeuralex-ita,3.0918,239,181,588,310,0.3452
idssegmented-serbocroatian,northeuralex-oss,3.3343,156,119,341,206,0.3766
idssegmented-serbocroatian,northeuralex-por,3.4023,324,226,768,468,0.3786
idssegmented-serbocroatian,northeuralex-pes,3.0924,176,142,422,255,0.3767
idssegmented-serbocroatian,northeuralex-fra,3.2269,298,216,648,463,0.4167
idssegmented-serbocroatian,northeuralex-slk,1.4164,418,316,1124,390,0.2576
idssegmented-serbocroatian,northeuralex-spa,3.3527,264,195,655,396,0.3768
idssegmented-serbocroatian,northeuralex-bul,1.2007,446,335,1206,392,0.2453
idssegmented-serbocroatian,northeuralex-pbu,3.4608,232,173,523,302,0.3661
idssegmented-serbocroatian,northeuralex-sqi,2.9388,206,154,474,291,0.3804
idssegmented-serbocroatian,northeuralex-nld,2.8865,284,208,696,433,0.3835
idssegmented-serbocroatian,northeuralex-cym,3.2357,184,142,454,257,0.3615
idssegmented-serbocroatian,northeuralex-swe,2.9111,245,172,596,373,0.3849
idssegmented-serbocroatian,northeuralex-isl,2.9774,222,174,574,349,0.3781
idssegmented-serbocroatian,northeuralex-ell,3.2567,298,216,787,436,0.3565
idssegmented-serbocroatian,northeuralex-ces,1.0203,392,304,1036,394,0.2755
idssegmented-serbocroatian,northeuralex-cat,3.0916,240,185,546,392,0.4179
idssegmented-serbocroatian,northeuralex-pol,1.8252,390,302,927,403,0.303
idssegmented-serbocroatian,northeuralex-nor,2.7338,228,175,526,360,0.4063
wold-SeychellesCreole,idssegmented-albaniantoskvariety,3.4526,911,531,1942,1230,0.3878
wold-SeychellesCreole,idssegmented-armenianeasternvariety,3.6641,793,477,1700,1446,0.4596
wold-SeychellesCreole,idssegmented-armenianwesternvariety,3.7008,887,528,1875,1586,0.4582
wold-SeychellesCreole,idssegmented-yiddish,3.3958,952,571,2208,1511,0.4063
wold-SeychellesCreole,idssegmented-breton,2.9763,828,517,1817,1291,0.4154
wold-SeychellesCreole,keypano-Spanish,2.8042,1132,679,2543,2060,0.4475
wold-SeychellesCreole,wold-LowerSorbian,3.4353,850,592,1925,1496,0.4373
wold-SeychellesCreole,idssegmented-romani,3.3251,786,489,1615,1379,0.4606
wold-SeychellesCreole,idssegmented-moderngreek,3.2627,1022,615,2276,2072,0.4765
wold-SeychellesCreole,keypano-Portuguese,2.8676,1065,673,2303,1721,0.4277
wold-SeychellesCreole,idssegmented-jamaicancreolelimonesecreoledialect,2.6766,704,482,1404,877,0.3845
wold-SeychellesCreole,wold-SeliceRomani,3.354,880,572,1907,1709,0.4726
wold-SeychellesCreole,idssegmented-persian,3.5122,561,361,1185,825,0.4104
wold-SeychellesCreole,wold-Dutch,3.1542,859,661,1959,1223,0.3843
wold-SeychellesCreole,wold-English,2.5904,867,679,1875,1083,0.3661
wold-SeychellesCreole,northeuralex-hin,3.3886,274,198,543,357,0.3967
wold-SeychellesCreole,wold-Saramaccan,3.1667,495,391,912,763,0.4555
wold-SeychellesCreole,wold-OldHighGerman,3.4624,565,458,1170,942,0.446
wold-SeychellesCreole,northeuralex-lit,3.4172,208,153,477,400,0.4561
wold-SeychellesCreole,idssegmented-negerhollands,3.0929,545,328,1055,638,0.3768
wold-SeychellesCreole,idssegmented-oldchurchslavonic,3.2653,620,361,1353,1157,0.461
wold-SeychellesCreole,northeuralex-hrv,3.2605,259,199,526,421,0.4446
wold-SeychellesCreole,northeuralex-ron,2.7757,282,222,575,375,0.3947
wold-SeychellesCreole,northeuralex-gle,3.4877,206,160,408,241,0.3713
wold-SeychellesCreole,northeuralex-lav,3.3081,248,179,529,321,0.3776
wold-SeychellesCreole,northeuralex-ita,2.4557,268,212,553,456,0.4519
wold-SeychellesCreole,northeuralex-oss,3.5564,140,117,257,219,0.4601
wold-SeychellesCreole,northeuralex-por,2.6248,339,268,725,524,0.4195
wold-SeychellesCreole,northeuralex-pes,3.2992,121,103,244,191,0.4391
wold-SeychellesCreole,northeuralex-fra,1.3594,399,299,882,401,0.3125
wold-SeychellesCreole,northeuralex-slk,3.3626,250,185,524,353,0.4025
wold-SeychellesCreole,northeuralex-spa,2.5964,283,222,612,433,0.4144
wold-SeychellesCreole,northeuralex-bul,3.3174,265,204,564,327,0.367
wold-SeychellesCreole,northeuralex-pbu,3.7273,162,126,319,221,0.4093
wold-SeychellesCreole,northeuralex-sqi,3.3282,201,159,390,280,0.4179
wold-SeychellesCreole,northeuralex-nld,3.1594,284,226,596,367,0.3811
wold-SeychellesCreole,northeuralex-cym,3.2125,192,159,400,251,0.3856
wold-SeychellesCreole,northeuralex-swe,3.0435,248,194,529,306,0.3665
wold-SeychellesCreole,northeuralex-isl,3.1947,200,165,416,280,0.4023
wold-SeychellesCreole,northeuralex-ell,3.3908,269,210,586,497,0.4589
wold-SeychellesCreole,northeuralex-ces,3.3651,236,179,504,303,0.3755
wold-SeychellesCreole,northeuralex-cat,2.7169,257,205,551,308,0.3586
wold-SeychellesCreole,northeuralex-pol,3.2212,229,185,443,341,0.4349
wold-SeychellesCreole,northeuralex-nor,3.0497,263,208,543,311,0.3642
idssegmented-albaniantoskvariety,idssegmented-armenianeasternvariety,3.4266,765,465,1948,1276,0.3958
idssegmented-albaniantoskvariety,idssegmented-armenianwesternvariety,3.4505,829,507,2071,1301,0.3858
idssegmented-albaniantoskvariety,idssegmented-yiddish,3.1133,999,603,2595,1404,0.3511
idssegmented-albaniantoskvariety,idssegmented-breton,3.1665,798,513,2006,1266,0.3869
idssegmented-albaniantoskvariety,keypano-Spanish,3.1197,1073,654,2783,1692,0.3781
idssegmented-albaniantoskvariety,wold-LowerSorbian,3.5303,705,492,1816,1113,0.38
idssegmented-albaniantoskvariety,idssegmented-romani,3.169,857,541,2041,1395,0.406
idssegmented-albaniantoskvariety,idssegmented-moderngreek,3.1503,1044,641,2569,1758,0.4063
idssegmented-albaniantoskvariety,keypano-Portuguese,3.2342,893,590,2203,1291,0.3695
idssegmented-albaniantoskvariety,idssegmented-jamaicancreolelimonesecreoledialect,2.9474,563,389,1179,806,0.406
idssegmented-albaniantoskvariety,wold-SeliceRomani,3.1641,668,422,1725,1197,0.4097
idssegmented-albaniantoskvariety,idssegmented-persian,3.3772,615,394,1474,922,0.3848
idssegmented-albaniantoskvariety,wold-Dutch,3.0695,665,491,1583,1021,0.3921
idssegmented-albaniantoskvariety,wold-English,3.1048,645,483,1403,909,0.3932
idssegmented-albaniantoskvariety,northeuralex-hin,3.2727,202,151,407,246,0.3767
idssegmented-albaniantoskvariety,wold-Saramaccan,3.5509,422,309,815,676,0.4534
idssegmented-albaniantoskvariety,wold-OldHighGerman,3.1593,534,425,1318,792,0.3754
idssegmented-albaniantoskvariety,northeuralex-lit,3.2169,182,138,438,325,0.426
idssegmented-albaniantoskvariety,idssegmented-negerhollands,3.0319,438,255,910,601,0.3977
idssegmented-albaniantoskvariety,idssegmented-oldchurchslavonic,3.2226,611,377,1487,1090,0.423
idssegmented-albaniantoskvariety,northeuralex-hrv,2.9433,182,143,406,285,0.4124
idssegmented-albaniantoskvariety,northeuralex-ron,2.7331,214,171,487,269,0.3558
idssegmented-albaniantoskvariety,northeuralex-gle,3.625,162,124,368,193,0.344
idssegmented-albaniantoskvariety,northeuralex-lav,3.1417,212,156,508,275,0.3512
idssegmented-albaniantoskvariety,northeuralex-ita,2.6803,182,149,416,266,0.39
idssegmented-albaniantoskvariety,northeuralex-oss,3.0189,136,109,318,186,0.369
idssegmented-albaniantoskvariety,northeuralex-por,2.972,254,200,607,377,0.3831
idssegmented-albaniantoskvariety,northeuralex-pes,3.0147,121,99,272,187,0.4074
idssegmented-albaniantoskvariety,northeuralex-fra,3.1799,183,144,389,270,0.4097
idssegmented-albaniantoskvariety,northeuralex-slk,3.4033,181,142,424,242,0.3634
idssegmented-albaniantoskvariety,northeuralex-spa,2.8482,206,166,514,290,0.3607
idssegmented-albaniantoskvariety,northeuralex-bul,3.0935,193,150,428,257,0.3752
idssegmented-albaniantoskvariety,northeuralex-pbu,3.3223,119,102,273,162,0.3724
idssegmented-albaniantoskvariety,northeuralex-sqi,0.7982,287,238,793,130,0.1408
idssegmented-albaniantoskvariety,northeuralex-nld,2.9249,192,151,413,250,0.3771
idssegmented-albaniantoskvariety,northeuralex-cym,2.9901,138,119,302,173,0.3642
idssegmented-albaniantoskvariety,northeuralex-swe,3.1549,162,131,355,187,0.345
idssegmented-albaniantoskvariety,northeuralex-isl,3.097,134,110,299,194,0.3935
idssegmented-albaniantoskvariety,northeuralex-ell,3.0305,236,185,557,358,0.3913
idssegmented-albaniantoskvariety,northeuralex-ces,3.0737,148,119,353,175,0.3314
idssegmented-albaniantoskvariety,northeuralex-cat,2.6658,176,148,386,251,0.394
idssegmented-albaniantoskvariety,northeuralex-pol,3.4282,182,149,362,259,0.4171
idssegmented-albaniantoskvariety,northeuralex-nor,3.0863,159,131,336,211,0.3857
idssegmented-armenianeasternvariety,idssegmented-armenianwesternvariety,0.7238,1652,940,5590,942,0.1442
idssegmented-armenianeasternvariety,idssegmented-yiddish,3.3616,947,593,2724,1658,0.3784
idssegmented-armenianeasternvariety,idssegmented-breton,3.4741,744,487,1934,1294,0.4009
idssegmented-armenianeasternvariety,keypano-Spanish,3.3048,1013,598,2753,1713,0.3836
idssegmented-armenianeasternvariety,wold-LowerSorbian,3.9127,607,429,1570,1009,0.3912
idssegmented-armenianeasternvariety,idssegmented-romani,3.5506,705,457,1718,1277,0.4264
idssegmented-armenianeasternvariety,idssegmented-moderngreek,3.6129,989,615,2436,1785,0.4229
idssegmented-armenianeasternvariety,keypano-Portuguese,3.371,920,585,2399,1490,0.3831
idssegmented-armenianeasternvariety,idssegmented-jamaicancreolelimonesecreoledialect,3.5409,470,338,1026,846,0.4519
idssegmented-armenianeasternvariety,wold-SeliceRomani,3.3243,578,383,1551,1040,0.4014
idssegmented-armenianeasternvariety,idssegmented-persian,3.3821,604,399,1573,972,0.3819
idssegmented-armenianeasternvariety,wold-Dutch,3.4942,630,475,1554,1035,0.3998
idssegmented-armenianeasternvariety,wold-English,3.4804,564,441,1299,1073,0.4524
idssegmented-armenianeasternvariety,northeuralex-hin,3.6997,181,135,383,241,0.3862
idssegmented-armenianeasternvariety,wold-Saramaccan,3.7231,299,232,549,565,0.5072
idssegmented-armenianeasternvariety,wold-OldHighGerman,3.4805,440,355,1130,677,0.3747
idssegmented-armenianeasternvariety,northeuralex-lit,3.6748,131,95,329,225,0.4061
idssegmented-armenianeasternvariety,idssegmented-negerhollands,3.2724,350,215,738,605,0.4505
idssegmented-armenianeasternvariety,idssegmented-oldchurchslavonic,3.661,512,330,1233,918,0.4268
idssegmented-armenianeasternvariety,northeuralex-hrv,3.516,171,132,376,272,0.4198
idssegmented-armenianeasternvariety,northeuralex-ron,3.3787,175,133,375,266,0.415
idssegmented-armenianeasternvariety,northeuralex-gle,3.5446,136,102,303,187,0.3816
idssegmented-armenianeasternvariety,northeuralex-lav,3.4367,147,110,371,225,0.3775
idssegmented-armenianeasternvariety,northeuralex-ita,3.1686,145,115,338,254,0.4291
idssegmented-armenianeasternvariety,northeuralex-oss,3.3964,139,107,338,196,0.367
idssegmented-armenianeasternvariety,northeuralex-por,3.1024,197,149,508,289,0.3626
idssegmented-armenianeasternvariety,northeuralex-pes,3.0346,118,104,289,184,0.389
idssegmented-armenianeasternvariety,northeuralex-fra,3.6364,172,125,385,286,0.4262
idssegmented-armenianeasternvariety,northeuralex-slk,4.0464,158,121,388,215,0.3566
idssegmented-armenianeasternvariety,northeuralex-spa,3.0918,162,126,414,236,0.3631
idssegmented-armenianeasternvariety,northeuralex-bul,3.5439,155,121,353,236,0.4007
idssegmented-armenianeasternvariety,northeuralex-pbu,3.4386,110,88,285,151,0.3463
idssegmented-armenianeasternvariety,northeuralex-sqi,3.2897,120,94,290,179,0.3817
idssegmented-armenianeasternvariety,northeuralex-nld,3.255,159,125,349,207,0.3723
idssegmented-armenianeasternvariety,northeuralex-cym,3.364,110,88,250,141,0.3606
idssegmented-armenianeasternvariety,northeuralex-swe,3.4578,144,113,308,216,0.4122
idssegmented-armenianeasternvariety,northeuralex-isl,3.4922,111,92,256,159,0.3831
idssegmented-armenianeasternvariety,northeuralex-ell,3.4169,187,146,427,292,0.4061
idssegmented-armenianeasternvariety,northeuralex-ces,3.5458,124,99,306,168,0.3544
idssegmented-armenianeasternvariety,northeuralex-cat,3.2982,135,114,285,211,0.4254
idssegmented-armenianeasternvariety,northeuralex-pol,3.7304,152,123,293,230,0.4398
idssegmented-armenianeasternvariety,northeuralex-nor,3.3387,124,98,248,184,0.4259
idssegmented-armenianwesternvariety,idssegmented-yiddish,3.4445,1037,642,2929,1756,0.3748
idssegmented-armenianwesternvariety,idssegmented-breton,3.5003,746,493,1947,1289,0.3983
idssegmented-armenianwesternvariety,keypano-Spanish,3.3809,1106,673,2906,1762,0.3775
idssegmented-armenianwesternvariety,wold-LowerSorbian,3.9033,684,478,1747,1136,0.394
idssegmented-armenianwesternvariety,idssegmented-romani,3.542,844,551,2035,1502,0.4247
idssegmented-armenianwesternvariety,idssegmented-moderngreek,3.6564,1097,673,2669,1951,0.4223
idssegmented-armenianwesternvariety,keypano-Portuguese,3.4052,978,643,2483,1541,0.383
idssegmented-armenianwesternvariety,idssegmented-jamaicancreolelimonesecreoledialect,3.5188,582,411,1247,1091,0.4666
idssegmented-armenianwesternvariety,wold-SeliceRomani,3.2752,623,424,1617,1080,0.4004
idssegmented-armenianwesternvariety,idssegmented-persian,3.3865,683,449,1754,1061,0.3769
idssegmented-armenianwesternvariety,wold-Dutch,3.5759,716,539,1759,1178,0.4011
idssegmented-armenianwesternvariety,wold-English,3.4933,627,487,1419,1220,0.4623
idssegmented-armenianwesternvariety,northeuralex-hin,3.6317,217,165,448,294,0.3962
idssegmented-armenianwesternvariety,wold-Saramaccan,3.7468,337,269,620,610,0.4959
idssegmented-armenianwesternvariety,wold-OldHighGerman,3.5556,531,437,1330,830,0.3843
idssegmented-armenianwesternvariety,northeuralex-lit,3.7186,188,139,469,310,0.3979
idssegmented-armenianwesternvariety,idssegmented-negerhollands,3.3774,399,239,848,669,0.441
idssegmented-armenianwesternvariety,idssegmented-oldchurchslavonic,3.6084,585,371,1374,995,0.42
idssegmented-armenianwesternvariety,northeuralex-hrv,3.5009,237,179,527,358,0.4045
idssegmented-armenianwesternvariety,northeuralex-ron,3.4939,229,174,488,366,0.4286
idssegmented-armenianwesternvariety,northeuralex-gle,3.5031,150,116,320,210,0.3962
idssegmented-armenianwesternvariety,northeuralex-lav,3.552,175,126,442,249,0.3603
idssegmented-armenianwesternvariety,northeuralex-ita,3.3318,188,147,431,322,0.4276
idssegmented-armenianwesternvariety,northeuralex-oss,3.3794,152,123,369,196,0.3469
idssegmented-armenianwesternvariety,northeuralex-por,3.2319,234,177,595,341,0.3643
idssegmented-armenianwesternvariety,northeuralex-pes,2.9852,137,115,337,209,0.3828
idssegmented-armenianwesternvariety,northeuralex-fra,3.6346,212,152,457,342,0.428
idssegmented-armenianwesternvariety,northeuralex-slk,3.8798,185,140,441,230,0.3428
idssegmented-armenianwesternvariety,northeuralex-spa,3.1443,203,160,506,294,0.3675
idssegmented-armenianwesternvariety,northeuralex-bul,3.4899,195,155,445,261,0.3697
idssegmented-armenianwesternvariety,northeuralex-pbu,3.1583,144,112,360,208,0.3662
idssegmented-armenianwesternvariety,northeuralex-sqi,3.3159,168,131,402,263,0.3955
idssegmented-armenianwesternvariety,northeuralex-nld,3.3341,202,162,443,277,0.3847
idssegmented-armenianwesternvariety,northeuralex-cym,3.543,135,108,302,181,0.3747
idssegmented-armenianwesternvariety,northeuralex-swe,3.534,181,146,397,263,0.3985
idssegmented-armenianwesternvariety,northeuralex-isl,3.6577,134,114,298,189,0.3881
idssegmented-armenianwesternvariety,northeuralex-ell,3.5892,239,189,555,396,0.4164
idssegmented-armenianwesternvariety,northeuralex-ces,3.3984,155,125,379,207,0.3532
idssegmented-armenianwesternvariety,northeuralex-cat,3.4196,159,134,336,232,0.4085
idssegmented-armenianwesternvariety,northeuralex-pol,3.7151,178,142,351,245,0.4111
idssegmented-armenianwesternvariety,northeuralex-nor,3.4294,165,134,326,244,0.4281
idssegmented-yiddish,idssegmented-breton,3.0769,782,515,2184,1262,0.3662
idssegmented-yiddish,keypano-Spanish,3.1386,1133,682,3254,1912,0.3701
idssegmented-yiddish,wold-LowerSorbian,3.2509,796,566,2208,1171,0.3466
idssegmented-yiddish,idssegmented-romani,3.2511,826,546,2079,1456,0.4119
idssegmented-yiddish,idssegmented-moderngreek,3.3511,1046,662,2871,1823,0.3884
idssegmented-yiddish,keypano-Portuguese,3.3205,1006,663,2668,1584,0.3725
idssegmented-yiddish,idssegmented-jamaicancreolelimonesecreoledialect,2.4898,689,503,1619,1018,0.386
idssegmented-yiddish,wold-SeliceRomani,2.8856,699,480,1914,1274,0.3996
idssegmented-yiddish,idssegmented-persian,3.3203,726,478,1970,1154,0.3694
idssegmented-yiddish,wold-Dutch,1.9671,856,682,2432,991,0.2895
idssegmented-yiddish,wold-English,2.3969,734,581,1852,1042,0.3601
idssegmented-yiddish,northeuralex-hin,3.2713,239,176,564,261,0.3164
idssegmented-yiddish,wold-Saramaccan,3.0106,370,293,756,636,0.4569
idssegmented-yiddish,wold-OldHighGerman,1.8205,697,579,1972,845,0.3
idssegmented-yiddish,northeuralex-lit,3.2315,149,121,419,259,0.382
idssegmented-yiddish,idssegmented-negerhollands,1.8824,556,346,1242,764,0.3809
idssegmented-yiddish,idssegmented-oldchurchslavonic,3.1066,590,382,1585,944,0.3733
idssegmented-yiddish,northeuralex-hrv,2.7563,183,150,480,260,0.3514
idssegmented-yiddish,northeuralex-ron,2.878,203,166,508,262,0.3403
idssegmented-yiddish,northeuralex-gle,3.1294,154,128,371,173,0.318
idssegmented-yiddish,northeuralex-lav,3.1903,212,158,557,253,0.3123
idssegmented-yiddish,northeuralex-ita,2.7417,170,144,422,238,0.3606
idssegmented-yiddish,northeuralex-oss,3.0667,147,118,375,200,0.3478
idssegmented-yiddish,northeuralex-por,3.1174,224,186,579,295,0.3375
idssegmented-yiddish,northeuralex-pes,2.9408,161,140,439,232,0.3458
idssegmented-yiddish,northeuralex-fra,3.4442,195,160,430,293,0.4053
idssegmented-yiddish,northeuralex-slk,3.259,197,158,525,226,0.3009
idssegmented-yiddish,northeuralex-spa,2.998,186,159,494,257,0.3422
idssegmented-yiddish,northeuralex-bul,3.0078,196,165,512,206,0.2869
idssegmented-yiddish,northeuralex-pbu,3.3467,121,104,300,155,0.3407
idssegmented-yiddish,northeuralex-sqi,3.3038,147,123,372,198,0.3474
idssegmented-yiddish,northeuralex-nld,1.3582,292,250,790,256,0.2447
idssegmented-yiddish,northeuralex-cym,2.9791,146,128,382,168,0.3055
idssegmented-yiddish,northeuralex-swe,1.5544,247,205,653,241,0.2696
idssegmented-yiddish,northeuralex-isl,1.9678,191,168,497,256,0.34
idssegmented-yiddish,northeuralex-ell,3.2286,206,166,538,321,0.3737
idssegmented-yiddish,northeuralex-ces,2.7591,179,147,465,205,0.306
idssegmented-yiddish,northeuralex-cat,3.0842,168,144,404,207,0.3388
idssegmented-yiddish,northeuralex-pol,2.8358,181,155,408,227,0.3575
idssegmented-yiddish,northeuralex-nor,1.513,231,205,577,257,0.3082
idssegmented-breton,keypano-Spanish,2.7842,907,593,2382,1507,0.3875
idssegmented-breton,wold-LowerSorbian,3.5432,613,448,1563,1021,0.3951
idssegmented-breton,idssegmented-romani,3.321,700,460,1651,1189,0.4187
idssegmented-breton,idssegmented-moderngreek,3.3236,879,585,2151,1546,0.4182
idssegmented-breton,keypano-Portuguese,3.0881,841,578,2066,1280,0.3825
idssegmented-breton,idssegmented-jamaicancreolelimonesecreoledialect,2.615,457,344,1026,707,0.408
idssegmented-breton,wold-SeliceRomani,3.2458,548,392,1428,1003,0.4126
idssegmented-breton,idssegmented-persian,3.2854,531,370,1300,853,0.3962
idssegmented-breton,wold-Dutch,2.9577,604,467,1490,966,0.3933
idssegmented-breton,wold-English,2.5354,536,424,1244,957,0.4348
idssegmented-breton,northeuralex-hin,3.4044,229,161,497,306,0.3811
idssegmented-breton,wold-Saramaccan,3.2686,321,261,592,530,0.4724
idssegmented-breton,wold-OldHighGerman,3.1027,446,374,1120,666,0.3729
idssegmented-breton,northeuralex-lit,3.3456,179,125,463,311,0.4018
idssegmented-breton,idssegmented-negerhollands,2.9321,393,246,840,617,0.4235
idssegmented-breton,idssegmented-oldchurchslavonic,3.2784,558,352,1311,1010,0.4352
idssegmented-breton,northeuralex-hrv,3.2959,193,148,419,309,0.4245
idssegmented-breton,northeuralex-ron,2.5992,218,169,494,333,0.4027
idssegmented-breton,northeuralex-gle,2.8588,207,153,503,320,0.3888
idssegmented-breton,northeuralex-lav,3.3075,174,133,439,238,0.3516
idssegmented-breton,northeuralex-ita,2.2361,191,155,415,265,0.3897
idssegmented-breton,northeuralex-oss,3.25,137,106,332,202,0.3783
idssegmented-breton,northeuralex-por,2.8677,231,184,582,328,0.3604
idssegmented-breton,northeuralex-pes,3.1711,121,96,298,226,0.4313
idssegmented-breton,northeuralex-fra,2.9822,198,150,449,297,0.3981
idssegmented-breton,northeuralex-slk,3.3387,169,133,431,257,0.3735
idssegmented-breton,northeuralex-spa,2.48,215,167,550,291,0.346
idssegmented-breton,northeuralex-bul,3.2602,188,145,442,288,0.3945
idssegmented-breton,northeuralex-pbu,3.2156,134,106,320,199,0.3834
idssegmented-breton,northeuralex-sqi,3.2281,159,124,399,229,0.3646
idssegmented-breton,northeuralex-nld,2.8931,217,163,524,297,0.3618
idssegmented-breton,northeuralex-cym,1.6801,202,171,497,208,0.295
idssegmented-breton,northeuralex-swe,2.7672,177,136,421,264,0.3854
idssegmented-breton,northeuralex-isl,2.836,131,107,317,207,0.395
idssegmented-breton,northeuralex-ell,3.2912,236,184,546,393,0.4185
idssegmented-breton,northeuralex-ces,3.151,177,136,437,244,0.3583
idssegmented-breton,northeuralex-cat,2.3229,196,159,449,268,0.3738
idssegmented-breton,northeuralex-pol,3.3972,174,142,355,281,0.4418
idssegmented-breton,northeuralex-nor,2.7949,167,130,390,260,0.4
keypano-Spanish,wold-LowerSorbian,3.4732,797,566,2164,1228,0.362
keypano-Spanish,idssegmented-romani,2.9519,902,583,2247,1498,0.4
keypano-Spanish,idssegmented-moderngreek,3.2587,1254,783,3170,1942,0.3799
keypano-Spanish,keypano-Portuguese,1.4989,1420,916,4117,1464,0.2623
keypano-Spanish,idssegmented-jamaicancreolelimonesecreoledialect,2.3331,598,421,1384,1183,0.4608
keypano-Spanish,wold-SeliceRomani,3.2806,746,493,2035,1267,0.3837
keypano-Spanish,idssegmented-persian,3.4671,661,438,1640,1086,0.3984
keypano-Spanish,wold-Dutch,2.9586,799,605,2004,1366,0.4053
keypano-Spanish,wold-English,2.4412,722,562,1743,1429,0.4505
keypano-Spanish,northeuralex-hin,3.1775,260,201,552,372,0.4026
keypano-Spanish,wold-Saramaccan,3.081,481,375,951,891,0.4837
keypano-Spanish,wold-OldHighGerman,3.2328,561,458,1508,818,0.3517
keypano-Spanish,northeuralex-lit,3.4503,200,162,493,272,0.3556
keypano-Spanish,idssegmented-negerhollands,2.7126,494,311,1075,956,0.4707
keypano-Spanish,idssegmented-oldchurchslavonic,3.2899,773,477,1963,1167,0.3728
keypano-Spanish,northeuralex-hrv,3.237,262,217,595,392,0.3972
keypano-Spanish,northeuralex-ron,2.0531,315,259,754,387,0.3392
keypano-Spanish,northeuralex-gle,3.0152,183,152,396,290,0.4227
keypano-Spanish,northeuralex-lav,3.4044,234,192,586,305,0.3423
keypano-Spanish,northeuralex-ita,1.2118,329,277,878,347,0.2833
keypano-Spanish,northeuralex-oss,3.4949,156,123,390,210,0.35
keypano-Spanish,northeuralex-por,1.2022,465,380,1301,374,0.2233
keypano-Spanish,northeuralex-pes,3.0404,122,110,297,179,0.3761
keypano-Spanish,northeuralex-fra,2.6398,318,257,708,470,0.399
keypano-Spanish,northeuralex-slk,3.6661,244,201,623,328,0.3449
keypano-Spanish,northeuralex-spa,0.4518,487,416,1534,161,0.095
keypano-Spanish,northeuralex-bul,3.2145,266,225,620,356,0.3648
keypano-Spanish,northeuralex-pbu,3.219,157,132,347,197,0.3621
keypano-Spanish,northeuralex-sqi,2.9736,220,186,531,309,0.3679
keypano-Spanish,northeuralex-nld,2.805,261,216,595,393,0.3978
keypano-Spanish,northeuralex-cym,2.7199,186,164,432,258,0.3739
keypano-Spanish,northeuralex-swe,2.6413,196,169,421,284,0.4028
keypano-Spanish,northeuralex-isl,3.0611,180,152,409,237,0.3669
keypano-Spanish,northeuralex-ell,3.2226,268,234,647,370,0.3638
keypano-Spanish,northeuralex-ces,3.4247,228,190,591,280,0.3215
keypano-Spanish,northeuralex-cat,1.3204,336,293,874,379,0.3025
keypano-Spanish,northeuralex-pol,3.3778,231,204,495,319,0.3919
keypano-Spanish,northeuralex-nor,2.5494,207,177,435,309,0.4153
wold-LowerSorbian,idssegmented-romani,3.2894,609,460,1503,1041,0.4092
wold-LowerSorbian,idssegmented-moderngreek,3.6291,772,565,1898,1260,0.399
wold-LowerSorbian,keypano-Portuguese,3.605,713,539,1805,1103,0.3793
wold-LowerSorbian,idssegmented-jamaicancreolelimonesecreoledialect,3.105,425,337,905,774,0.461
wold-LowerSorbian,wold-SeliceRomani,3.4623,691,525,1828,1205,0.3973
wold-LowerSorbian,idssegmented-persian,3.7454,487,370,1194,795,0.3997
wold-LowerSorbian,wold-Dutch,2.8522,640,541,1664,972,0.3687
wold-LowerSorbian,wold-English,2.8271,625,532,1469,1126,0.4339
wold-LowerSorbian,northeuralex-hin,3.845,217,173,458,288,0.3861
wold-LowerSorbian,wold-Saramaccan,3.4141,362,320,722,686,0.4872
wold-LowerSorbian,wold-OldHighGerman,3.2795,550,493,1399,762,0.3526
wold-LowerSorbian,northeuralex-lit,3.1732,182,156,456,259,0.3622
wold-LowerSorbian,idssegmented-negerhollands,3.1188,342,238,724,593,0.4503
wold-LowerSorbian,idssegmented-oldchurchslavonic,2.4849,562,423,1454,734,0.3355
wold-LowerSorbian,northeuralex-hrv,1.8117,278,249,685,294,0.3003
wold-LowerSorbian,northeuralex-ron,3.2789,207,176,484,272,0.3598
wold-LowerSorbian,northeuralex-gle,3.4494,143,126,316,201,0.3888
wold-LowerSorbian,northeuralex-lav,3.3058,205,180,520,261,0.3342
wold-LowerSorbian,northeuralex-ita,3.4383,168,153,381,228,0.3744
wold-LowerSorbian,northeuralex-oss,4.0034,128,116,294,171,0.3677
wold-LowerSorbian,northeuralex-por,3.5363,242,207,593,353,0.3732
wold-LowerSorbian,northeuralex-pes,3.5682,131,120,308,208,0.4031
wold-LowerSorbian,northeuralex-fra,3.4662,193,166,414,294,0.4153
wold-LowerSorbian,northeuralex-slk,1.7386,311,286,830,207,0.1996
wold-LowerSorbian,northeuralex-spa,3.5343,195,171,496,270,0.3525
wold-LowerSorbian,northeuralex-bul,1.9804,272,253,663,246,0.2706
wold-LowerSorbian,northeuralex-pbu,3.6945,135,125,311,179,0.3653
wold-LowerSorbian,northeuralex-sqi,3.268,150,133,362,205,0.3616
wold-LowerSorbian,northeuralex-nld,3.0391,203,178,460,286,0.3834
wold-LowerSorbian,northeuralex-cym,3.4299,140,131,314,159,0.3362
wold-LowerSorbian,northeuralex-swe,2.794,160,140,369,204,0.356
wold-LowerSorbian,northeuralex-isl,3.2046,149,133,347,198,0.3633
wold-LowerSorbian,northeuralex-ell,3.5391,226,198,499,334,0.401
wold-LowerSorbian,northeuralex-ces,1.9409,304,277,829,217,0.2075
wold-LowerSorbian,northeuralex-cat,3.1797,179,162,384,257,0.4009
wold-LowerSorbian,northeuralex-pol,1.647,297,280,711,221,0.2371
wold-LowerSorbian,northeuralex-nor,2.8473,182,159,393,252,0.3907
idssegmented-romani,idssegmented-moderngreek,3.1311,925,610,2235,1695,0.4313
idssegmented-romani,keypano-Portuguese,3.099,768,521,1829,1189,0.394
idssegmented-romani,idssegmented-jamaicancreolelimonesecreoledialect,2.9038,483,372,977,915,0.4836
idssegmented-romani,wold-SeliceRomani,2.4286,651,470,1694,945,0.3581
idssegmented-romani,idssegmented-persian,3.1563,511,354,1171,904,0.4357
idssegmented-romani,wold-Dutch,3.1372,582,462,1348,1073,0.4432
idssegmented-romani,wold-English,2.8974,536,428,1140,1035,0.4759
idssegmented-romani,northeuralex-hin,2.6567,205,152,434,304,0.4119
idssegmented-romani,wold-Saramaccan,3.4583,391,319,731,727,0.4986
idssegmented-romani,wold-OldHighGerman,3.2418,429,363,972,739,0.4319
idssegmented-romani,northeuralex-lit,3.142,148,114,338,284,0.4566
idssegmented-romani,idssegmented-negerhollands,3.0857,392,239,770,604,0.4396
idssegmented-romani,idssegmented-oldchurchslavonic,2.898,511,346,1265,928,0.4232
idssegmented-romani,northeuralex-hrv,2.8422,200,150,450,323,0.4179
idssegmented-romani,northeuralex-ron,2.4474,200,164,447,270,0.3766
idssegmented-romani,northeuralex-gle,3.3477,129,106,279,180,0.3922
idssegmented-romani,northeuralex-lav,3.2308,161,124,377,253,0.4016
idssegmented-romani,northeuralex-ita,2.8639,171,140,382,263,0.4078
idssegmented-romani,northeuralex-oss,3.2196,118,97,255,175,0.407
idssegmented-romani,northeuralex-por,3.1589,210,162,491,317,0.3923
idssegmented-romani,northeuralex-pes,2.8625,110,101,240,199,0.4533
idssegmented-romani,northeuralex-fra,3.2193,186,145,383,293,0.4334
idssegmented-romani,northeuralex-slk,3.0327,169,133,397,266,0.4012
idssegmented-romani,northeuralex-spa,2.9004,195,158,452,269,0.3731
idssegmented-romani,northeuralex-bul,2.6959,170,139,388,256,0.3975
idssegmented-romani,northeuralex-pbu,2.9041,134,109,271,206,0.4319
idssegmented-romani,northeuralex-sqi,3.0881,142,116,329,204,0.3827
idssegmented-romani,northeuralex-nld,2.7708,182,150,397,298,0.4288
idssegmented-romani,northeuralex-cym,2.8086,118,103,256,191,0.4273
idssegmented-romani,northeuralex-swe,2.9497,138,116,298,211,0.4145
idssegmented-romani,northeuralex-isl,3.1588,128,105,277,200,0.4193
idssegmented-romani,northeuralex-ell,3.0561,221,177,517,352,0.4051
idssegmented-romani,northeuralex-ces,2.848,149,124,342,208,0.3782
idssegmented-romani,northeuralex-cat,3.0817,161,134,355,222,0.3847
idssegmented-romani,northeuralex-pol,2.8263,165,139,334,263,0.4405
idssegmented-romani,northeuralex-nor,2.9441,150,127,304,237,0.4381
idssegmented-moderngreek,keypano-Portuguese,3.3053,1108,726,2712,1755,0.3929
idssegmented-moderngreek,idssegmented-jamaicancreolelimonesecreoledialect,2.9432,598,426,1286,1291,0.501
idssegmented-moderngreek,wold-SeliceRomani,3.4179,767,522,1960,1312,0.401
idssegmented-moderngreek,idssegmented-persian,3.4304,603,417,1429,1064,0.4268
idssegmented-moderngreek,wold-Dutch,3.1661,739,576,1914,1454,0.4317
idssegmented-moderngreek,wold-English,2.973,673,526,1556,1481,0.4877
idssegmented-moderngreek,northeuralex-hin,3.2367,253,178,566,411,0.4207
idssegmented-moderngreek,wold-Saramaccan,3.5236,413,333,827,871,0.513
idssegmented-moderngreek,wold-OldHighGerman,3.4848,605,497,1450,1000,0.4082
idssegmented-moderngreek,northeuralex-lit,3.1823,221,162,598,298,0.3326
idssegmented-moderngreek,idssegmented-negerhollands,3.0994,490,302,1066,948,0.4707
idssegmented-moderngreek,idssegmented-oldchurchslavonic,3.3388,735,462,1815,1158,0.3895
idssegmented-moderngreek,northeuralex-hrv,3.3475,298,225,708,470,0.399
idssegmented-moderngreek,northeuralex-ron,3.0733,269,204,655,431,0.3969
idssegmented-moderngreek,northeuralex-gle,3.693,181,135,430,339,0.4408
idssegmented-moderngreek,northeuralex-lav,3.073,260,197,630,370,0.37
idssegmented-moderngreek,northeuralex-ita,3.1566,245,193,594,326,0.3543
idssegmented-moderngreek,northeuralex-oss,3.4876,156,121,363,233,0.3909
idssegmented-moderngreek,northeuralex-por,3.3691,322,250,745,482,0.3928
idssegmented-moderngreek,northeuralex-pes,3.2719,143,118,342,267,0.4384
idssegmented-moderngreek,northeuralex-fra,3.4398,256,200,548,473,0.4633
idssegmented-moderngreek,northeuralex-slk,3.5,263,198,608,397,0.395
idssegmented-moderngreek,northeuralex-spa,3.3897,280,221,662,379,0.3641
idssegmented-moderngreek,northeuralex-bul,3.2139,250,204,617,372,0.3761
idssegmented-moderngreek,northeuralex-pbu,3.7286,182,145,409,284,0.4098
idssegmented-moderngreek,northeuralex-sqi,3.271,192,151,428,308,0.4185
idssegmented-moderngreek,northeuralex-nld,3.007,239,191,568,408,0.418
idssegmented-moderngreek,northeuralex-cym,3.1696,166,141,401,260,0.3933
idssegmented-moderngreek,northeuralex-swe,3.2184,193,147,467,374,0.4447
idssegmented-moderngreek,northeuralex-isl,3.2974,170,136,427,233,0.353
idssegmented-moderngreek,northeuralex-ell,0.5749,442,353,1329,248,0.1573
idssegmented-moderngreek,northeuralex-ces,3.3663,222,177,516,325,0.3864
idssegmented-moderngreek,northeuralex-cat,3.0113,225,182,531,387,0.4216
idssegmented-moderngreek,northeuralex-pol,3.3935,272,217,554,380,0.4069
idssegmented-moderngreek,northeuralex-nor,3.0383,200,158,470,386,0.4509
keypano-Portuguese,idssegmented-jamaicancreolelimonesecreoledialect,2.6083,512,387,1113,856,0.4347
keypano-Portuguese,wold-SeliceRomani,3.3952,625,446,1637,1043,0.3892
keypano-Portuguese,idssegmented-persian,3.5525,684,472,1647,1037,0.3864
keypano-Portuguese,wold-Dutch,3.1278,704,557,1643,1062,0.3926
keypano-Portuguese,wold-English,2.6252,642,529,1470,1087,0.4251
keypano-Portuguese,northeuralex-hin,3.2848,237,186,488,292,0.3744
keypano-Portuguese,wold-Saramaccan,3.2275,373,309,756,621,0.451
keypano-Portuguese,wold-OldHighGerman,3.3533,519,443,1288,731,0.3621
keypano-Portuguese,northeuralex-lit,3.6556,210,166,511,333,0.3945
keypano-Portuguese,idssegmented-negerhollands,2.9277,459,298,955,719,0.4295
keypano-Portuguese,idssegmented-oldchurchslavonic,3.2665,668,434,1685,1034,0.3803
keypano-Portuguese,northeuralex-hrv,3.2736,256,218,552,366,0.3987
keypano-Portuguese,northeuralex-ron,2.3463,309,263,719,398,0.3563
keypano-Portuguese,northeuralex-gle,3.277,176,145,361,250,0.4092
keypano-Portuguese,northeuralex-lav,3.3723,223,187,556,277,0.3325
keypano-Portuguese,northeuralex-ita,1.3243,313,277,811,356,0.3051
keypano-Portuguese,northeuralex-oss,3.4901,146,123,353,204,0.3662
keypano-Portuguese,northeuralex-por,0.6109,428,365,1213,194,0.1379
keypano-Portuguese,northeuralex-pes,3.2151,145,132,344,223,0.3933
keypano-Portuguese,northeuralex-fra,2.4849,305,261,662,414,0.3848
keypano-Portuguese,northeuralex-slk,3.6264,232,204,554,289,0.3428
keypano-Portuguese,northeuralex-spa,1.1373,356,313,998,282,0.2203
keypano-Portuguese,northeuralex-bul,3.1213,245,219,536,294,0.3542
keypano-Portuguese,northeuralex-pbu,3.4556,163,145,360,196,0.3525
keypano-Portuguese,northeuralex-sqi,2.8899,193,174,436,241,0.356
keypano-Portuguese,northeuralex-nld,2.9042,243,207,522,330,0.3873
keypano-Portuguese,northeuralex-cym,2.752,165,149,379,204,0.3499
keypano-Portuguese,northeuralex-swe,2.9182,207,178,440,295,0.4014
keypano-Portuguese,northeuralex-isl,3.1393,173,153,359,222,0.3821
keypano-Portuguese,northeuralex-ell,3.3176,283,250,658,409,0.3833
keypano-Portuguese,northeuralex-ces,3.3482,214,189,537,263,0.3287
keypano-Portuguese,northeuralex-cat,1.5166,292,266,724,326,0.3105
keypano-Portuguese,northeuralex-pol,3.242,220,199,467,296,0.3879
keypano-Portuguese,northeuralex-nor,2.7845,206,181,427,276,0.3926
idssegmented-jamaicancreolelimonesecreoledialect,wold-SeliceRomani,2.9307,424,320,880,886,0.5017
idssegmented-jamaicancreolelimonesecreoledialect,idssegmented-persian,3.2355,430,310,879,697,0.4423
idssegmented-jamaicancreolelimonesecreoledialect,wold-Dutch,1.963,558,483,1243,704,0.3616
idssegmented-jamaicancreolelimonesecreoledialect,wold-English,0.4547,789,683,1812,480,0.2094
idssegmented-jamaicancreolelimonesecreoledialect,northeuralex-hin,2.9519,153,111,291,204,0.4121
idssegmented-jamaicancreolelimonesecreoledialect,wold-Saramaccan,2.3709,262,230,453,383,0.4581
idssegmented-jamaicancreolelimonesecreoledialect,wold-OldHighGerman,2.0127,410,375,869,645,0.426
idssegmented-jamaicancreolelimonesecreoledialect,northeuralex-lit,2.2986,100,83,211,246,0.5383
idssegmented-jamaicancreolelimonesecreoledialect,idssegmented-negerhollands,1.4924,481,342,989,431,0.3035
idssegmented-jamaicancreolelimonesecreoledialect,idssegmented-oldchurchslavonic,2.8635,397,287,835,781,0.4833
idssegmented-jamaicancreolelimonesecreoledialect,northeuralex-hrv,2.9457,139,114,276,244,0.4692
idssegmented-jamaicancreolelimonesecreoledialect,northeuralex-ron,2.1732,159,135,306,203,0.3988
idssegmented-jamaicancreolelimonesecreoledialect,northeuralex-gle,2.7608,157,134,301,137,0.3128
idssegmented-jamaicancreolelimonesecreoledialect,northeuralex-lav,2.3795,142,114,303,251,0.4531
idssegmented-jamaicancreolelimonesecreoledialect,northeuralex-ita,1.9041,133,109,271,242,0.4717
idssegmented-jamaicancreolelimonesecreoledialect,northeuralex-oss,3.12,92,76,175,133,0.4318
idssegmented-jamaicancreolelimonesecreoledialect,northeuralex-por,2.4383,159,132,324,280,0.4636
idssegmented-jamaicancreolelimonesecreoledialect,northeuralex-pes,2.8782,95,81,197,134,0.4048
idssegmented-jamaicancreolelimonesecreoledialect,northeuralex-fra,2.6422,175,141,327,215,0.3967
idssegmented-jamaicancreolelimonesecreoledialect,northeuralex-slk,2.9963,134,116,271,213,0.4401
idssegmented-jamaicancreolelimonesecreoledialect,northeuralex-spa,1.9621,125,111,264,222,0.4568
idssegmented-jamaicancreolelimonesecreoledialect,northeuralex-bul,2.8375,139,115,283,188,0.3992
idssegmented-jamaicancreolelimonesecreoledialect,northeuralex-pbu,3.2682,92,77,179,138,0.4353
idssegmented-jamaicancreolelimonesecreoledialect,northeuralex-sqi,2.9269,108,88,219,112,0.3384
idssegmented-jamaicancreolelimonesecreoledialect,northeuralex-nld,1.4947,225,188,473,254,0.3494
idssegmented-jamaicancreolelimonesecreoledialect,northeuralex-cym,2.3296,134,120,270,176,0.3946
idssegmented-jamaicancreolelimonesecreoledialect,northeuralex-swe,1.5581,191,164,396,193,0.3277
idssegmented-jamaicancreolelimonesecreoledialect,northeuralex-isl,1.6928,156,135,319,255,0.4443
idssegmented-jamaicancreolelimonesecreoledialect,northeuralex-ell,3.0141,133,113,283,273,0.491
idssegmented-jamaicancreolelimonesecreoledialect,northeuralex-ces,2.5769,127,107,260,203,0.4384
idssegmented-jamaicancreolelimonesecreoledialect,northeuralex-cat,2.046,133,117,261,199,0.4326
idssegmented-jamaicancreolelimonesecreoledialect,northeuralex-pol,2.748,137,117,250,228,0.477
idssegmented-jamaicancreolelimonesecreoledialect,northeuralex-nor,1.4415,206,177,419,199,0.322
wold-SeliceRomani,idssegmented-persian,3.0824,445,321,1117,739,0.3982
wold-SeliceRomani,wold-Dutch,3.0852,591,483,1455,1122,0.4354
wold-SeliceRomani,wold-English,2.9075,588,488,1319,1220,0.4805
wold-SeliceRomani,northeuralex-hin,3.1139,251,201,527,326,0.3822
wold-SeliceRomani,wold-Saramaccan,3.2824,348,291,687,712,0.5089
wold-SeliceRomani,wold-OldHighGerman,2.9944,487,418,1252,818,0.3952
wold-SeliceRomani,northeuralex-lit,3.064,137,115,297,205,0.4084
wold-SeliceRomani,idssegmented-negerhollands,2.9984,307,213,614,613,0.4996
wold-SeliceRomani,idssegmented-oldchurchslavonic,3.0096,444,310,1145,696,0.3781
wold-SeliceRomani,northeuralex-hrv,2.6828,195,161,435,270,0.383
wold-SeliceRomani,northeuralex-ron,3.0655,182,158,397,265,0.4003
wold-SeliceRomani,northeuralex-gle,3.4598,144,122,311,230,0.4251
wold-SeliceRomani,northeuralex-lav,3.2623,171,137,427,239,0.3589
wold-SeliceRomani,northeuralex-ita,3.2864,170,151,391,205,0.344
wold-SeliceRomani,northeuralex-oss,2.8788,149,132,363,210,0.3665
wold-SeliceRomani,northeuralex-por,3.4258,202,171,512,311,0.3779
wold-SeliceRomani,northeuralex-pes,2.3808,122,107,281,160,0.3628
wold-SeliceRomani,northeuralex-fra,3.555,200,163,400,308,0.435
wold-SeliceRomani,northeuralex-slk,2.9636,175,146,440,236,0.3491
wold-SeliceRomani,northeuralex-spa,3.3075,165,143,400,235,0.3701
wold-SeliceRomani,northeuralex-bul,2.7861,176,152,402,241,0.3748
wold-SeliceRomani,northeuralex-pbu,3.3544,124,110,285,155,0.3523
wold-SeliceRomani,northeuralex-sqi,3.2785,130,106,298,195,0.3955
wold-SeliceRomani,northeuralex-nld,3.104,190,161,423,292,0.4084
wold-SeliceRomani,northeuralex-cym,3.152,141,125,296,213,0.4185
wold-SeliceRomani,northeuralex-swe,3.0833,154,127,324,236,0.4214
wold-SeliceRomani,northeuralex-isl,3.2107,121,108,261,175,0.4014
wold-SeliceRomani,northeuralex-ell,3.2696,204,173,497,298,0.3748
wold-SeliceRomani,northeuralex-ces,2.6093,160,136,407,216,0.3467
wold-SeliceRomani,northeuralex-cat,3.4524,175,153,378,251,0.399
wold-SeliceRomani,northeuralex-pol,3.0164,178,158,365,236,0.3927
wold-SeliceRomani,northeuralex-nor,3.1503,164,140,346,248,0.4175
idssegmented-persian,wold-Dutch,3.3699,480,390,1122,728,0.3935
idssegmented-persian,wold-English,3.2285,448,358,976,705,0.4194
idssegmented-persian,northeuralex-hin,2.4336,219,172,512,233,0.3128
idssegmented-persian,wold-Saramaccan,3.509,252,208,501,454,0.4754
idssegmented-persian,wold-OldHighGerman,3.302,380,324,904,528,0.3687
idssegmented-persian,northeuralex-lit,3.301,161,124,412,255,0.3823
idssegmented-persian,idssegmented-negerhollands,3.0408,330,194,687,509,0.4256
idssegmented-persian,idssegmented-oldchurchslavonic,3.4152,521,336,1238,856,0.4088
idssegmented-persian,northeuralex-hrv,3.1761,182,142,426,264,0.3826
idssegmented-persian,northeuralex-ron,2.9845,171,137,386,253,0.3959
idssegmented-persian,northeuralex-gle,3.5864,147,117,324,210,0.3933
idssegmented-persian,northeuralex-lav,3.1926,138,110,353,197,0.3582
idssegmented-persian,northeuralex-ita,3.0556,136,117,306,195,0.3892
idssegmented-persian,northeuralex-oss,2.6449,163,132,428,191,0.3086
idssegmented-persian,northeuralex-por,3.3443,168,130,395,208,0.3449
idssegmented-persian,northeuralex-pes,0.3987,379,327,1274,180,0.1238
idssegmented-persian,northeuralex-fra,3.3462,151,115,312,236,0.4307
idssegmented-persian,northeuralex-slk,3.5924,154,125,368,202,0.3544
idssegmented-persian,northeuralex-spa,3.3474,141,120,331,179,0.351
idssegmented-persian,northeuralex-bul,3.2179,169,132,390,221,0.3617
idssegmented-persian,northeuralex-pbu,2.1894,180,151,470,178,0.2747
idssegmented-persian,northeuralex-sqi,3.1151,129,111,304,163,0.349
idssegmented-persian,northeuralex-nld,2.8724,166,128,384,227,0.3715
idssegmented-persian,northeuralex-cym,3.2194,124,103,278,171,0.3808
idssegmented-persian,northeuralex-swe,2.893,109,93,243,152,0.3848
idssegmented-persian,northeuralex-isl,2.9412,95,83,238,145,0.3786
idssegmented-persian,northeuralex-ell,3.2095,151,123,358,239,0.4003
idssegmented-persian,northeuralex-ces,3.263,157,120,384,200,0.3425
idssegmented-persian,northeuralex-cat,3.1845,124,107,271,173,0.3896
idssegmented-persian,northeuralex-pol,3.4615,148,122,312,217,0.4102
idssegmented-persian,northeuralex-nor,2.8723,127,100,274,197,0.4183
wold-Dutch,wold-English,1.7249,800,750,1999,895,0.3093
wold-Dutch,northeuralex-hin,3.2206,244,204,535,256,0.3236
wold-Dutch,wold-Saramaccan,2.5324,383,363,787,575,0.4222
wold-Dutch,wold-OldHighGerman,1.6487,652,633,1685,803,0.3227
wold-Dutch,northeuralex-lit,3.1356,183,158,494,354,0.4175
wold-Dutch,idssegmented-negerhollands,1.2714,502,375,1157,511,0.3064
wold-Dutch,idssegmented-oldchurchslavonic,3.1488,472,364,1183,829,0.412
wold-Dutch,northeuralex-hrv,2.7545,206,184,497,313,0.3864
wold-Dutch,northeuralex-ron,2.6835,216,195,496,288,0.3673
wold-Dutch,northeuralex-gle,2.9184,151,137,331,170,0.3393
wold-Dutch,northeuralex-lav,2.8492,191,165,431,255,0.3717
wold-Dutch,northeuralex-ita,2.4487,188,171,439,280,0.3894
wold-Dutch,northeuralex-oss,3.2028,131,119,286,170,0.3728
wold-Dutch,northeuralex-por,3.0018,246,221,547,322,0.3705
wold-Dutch,northeuralex-pes,3.0302,126,121,298,165,0.3564
wold-Dutch,northeuralex-fra,3.3433,206,185,434,234,0.3503
wold-Dutch,northeuralex-slk,2.9124,191,174,445,249,0.3588
wold-Dutch,northeuralex-spa,2.7423,196,180,454,273,0.3755
wold-Dutch,northeuralex-bul,2.9768,196,182,474,208,0.305
wold-Dutch,northeuralex-pbu,3.6441,109,102,236,131,0.3569
wold-Dutch,northeuralex-sqi,2.9398,154,144,349,213,0.379
wold-Dutch,northeuralex-nld,0.2676,465,430,1289,103,0.074
wold-Dutch,northeuralex-cym,2.7853,166,158,382,188,0.3298
wold-Dutch,northeuralex-swe,1.1102,276,259,699,188,0.212
wold-Dutch,northeuralex-isl,1.3989,216,205,554,284,0.3389
wold-Dutch,northeuralex-ell,2.9764,205,193,508,360,0.4147
wold-Dutch,northeuralex-ces,2.7775,174,158,409,218,0.3477
wold-Dutch,northeuralex-cat,2.691,178,167,411,216,0.3445
wold-Dutch,northeuralex-pol,2.8575,170,160,365,243,0.3997
wold-Dutch,northeuralex-nor,1.017,290,273,706,228,0.2441
wold-English,northeuralex-hin,3.0294,190,160,374,260,0.4101
wold-English,wold-Saramaccan,2.2318,318,299,604,502,0.4539
wold-English,wold-OldHighGerman,1.8772,545,531,1246,866,0.41
wold-English,northeuralex-lit,2.8281,127,113,285,325,0.5328
wold-English,idssegmented-negerhollands,1.4265,461,349,959,435,0.3121
wold-English,idssegmented-oldchurchslavonic,2.7964,416,336,933,848,0.4761
wold-English,northeuralex-hrv,2.8702,190,173,393,352,0.4725
wold-English,northeuralex-ron,2.2488,218,198,434,334,0.4349
wold-English,northeuralex-gle,2.8469,158,145,320,155,0.3263
wold-English,northeuralex-lav,2.6798,176,157,381,309,0.4478
wold-English,northeuralex-ita,1.8779,192,181,393,358,0.4767
wold-English,northeuralex-oss,3.0446,98,91,202,171,0.4584
wold-English,northeuralex-por,2.4179,211,196,457,392,0.4617
wold-English,northeuralex-pes,3.1422,106,105,218,144,0.3978
wold-English,northeuralex-fra,2.7382,206,190,401,250,0.384
wold-English,northeuralex-slk,2.978,171,159,363,251,0.4088
wold-English,northeuralex-spa,2.0687,178,170,393,304,0.4362
wold-English,northeuralex-bul,2.8883,169,162,358,237,0.3983
wold-English,northeuralex-pbu,3.4364,109,102,220,178,0.4472
wold-English,northeuralex-sqi,2.968,133,125,281,185,0.397
wold-English,northeuralex-nld,1.598,262,247,587,233,0.2841
wold-English,northeuralex-cym,2.2834,143,137,314,177,0.3605
wold-English,northeuralex-swe,1.3689,222,210,488,201,0.2917
wold-English,northeuralex-isl,1.4877,191,183,406,325,0.4446
wold-English,northeuralex-ell,2.8868,169,156,380,371,0.494
wold-English,northeuralex-ces,2.6345,161,152,342,247,0.4194
wold-English,northeuralex-cat,2.1898,173,170,353,240,0.4047
wold-English,northeuralex-pol,2.8211,157,151,285,268,0.4846
wold-English,northeuralex-nor,1.2697,239,230,508,213,0.2954
northeuralex-hin,wold-Saramaccan,3.4733,143,125,243,181,0.4269
northeuralex-hin,wold-OldHighGerman,3.1979,180,152,374,209,0.3585
northeuralex-hin,northeuralex-lit,3.5482,435,322,1069,797,0.4271
northeuralex-hin,idssegmented-negerhollands,3.2301,184,121,352,206,0.3692
northeuralex-hin,idssegmented-oldchurchslavonic,3.2036,202,136,447,311,0.4103
northeuralex-hin,northeuralex-hrv,3.348,464,350,1046,673,0.3915
northeuralex-hin,northeuralex-ron,3.1468,489,374,1083,750,0.4092
northeuralex-hin,northeuralex-gle,3.7735,401,316,839,564,0.402
northeuralex-hin,northeuralex-lav,3.2762,428,325,956,598,0.3848
northeuralex-hin,northeuralex-ita,3.1668,459,350,983,695,0.4142
northeuralex-hin,northeuralex-oss,3.0148,366,288,813,542,0.4
northeuralex-hin,northeuralex-por,3.3182,532,404,1144,780,0.4054
northeuralex-hin,northeuralex-pes,2.4426,337,289,854,443,0.3416
northeuralex-hin,northeuralex-fra,3.5189,437,343,875,571,0.3949
northeuralex-hin,northeuralex-slk,3.4693,429,333,946,558,0.371
northeuralex-hin,northeuralex-spa,3.2058,472,359,1040,699,0.402
northeuralex-hin,northeuralex-bul,3.406,394,316,899,555,0.3817
northeuralex-hin,northeuralex-pbu,2.8616,403,331,997,478,0.3241
northeuralex-hin,northeuralex-sqi,3.2746,384,303,794,533,0.4017
northeuralex-hin,northeuralex-nld,3.1806,485,386,1091,642,0.3705
northeuralex-hin,northeuralex-cym,3.2734,351,295,728,507,0.4105
northeuralex-hin,northeuralex-swe,3.1705,449,352,997,535,0.3492
northeuralex-hin,northeuralex-isl,3.093,414,336,968,594,0.3803
northeuralex-hin,northeuralex-ell,3.1859,507,396,1151,851,0.4251
northeuralex-hin,northeuralex-ces,3.3827,382,302,831,517,0.3835
northeuralex-hin,northeuralex-cat,3.3186,432,350,904,530,0.3696
northeuralex-hin,northeuralex-pol,3.4956,389,313,797,612,0.4344
northeuralex-hin,northeuralex-nor,3.1249,451,366,993,573,0.3659
wold-Saramaccan,wold-OldHighGerman,2.7633,250,245,452,418,0.4805
wold-Saramaccan,northeuralex-lit,3.3445,108,93,209,240,0.5345
wold-Saramaccan,idssegmented-negerhollands,2.075,249,189,440,291,0.3981
wold-Saramaccan,idssegmented-oldchurchslavonic,3.4424,265,212,538,511,0.4871
wold-Saramaccan,northeuralex-hrv,3.1949,134,119,236,219,0.4813
wold-Saramaccan,northeuralex-ron,3.0289,127,117,242,192,0.4424
wold-Saramaccan,northeuralex-gle,3.642,115,107,176,139,0.4413
wold-Saramaccan,northeuralex-lav,3.554,118,103,213,164,0.435
wold-Saramaccan,northeuralex-ita,2.6622,113,105,222,180,0.4478
wold-Saramaccan,northeuralex-oss,3.3575,108,101,179,149,0.4543
wold-Saramaccan,northeuralex-por,3.1149,150,138,296,241,0.4488
wold-Saramaccan,northeuralex-pes,3.4014,76,73,142,118,0.4538
wold-Saramaccan,northeuralex-fra,2.7788,120,108,208,168,0.4468
wold-Saramaccan,northeuralex-slk,2.9907,116,102,214,203,0.4868
wold-Saramaccan,northeuralex-spa,2.8172,137,127,268,191,0.4161
wold-Saramaccan,northeuralex-bul,3.2273,116,105,220,157,0.4164
wold-Saramaccan,northeuralex-pbu,3.8069,78,73,145,121,0.4549
wold-Saramaccan,northeuralex-sqi,3.5478,124,116,230,160,0.4103
wold-Saramaccan,northeuralex-nld,2.2622,152,143,286,200,0.4115
wold-Saramaccan,northeuralex-cym,3.284,95,89,169,117,0.4091
wold-Saramaccan,northeuralex-swe,2.592,109,103,201,122,0.3777
wold-Saramaccan,northeuralex-isl,2.3611,97,93,180,132,0.4231
wold-Saramaccan,northeuralex-ell,3.4348,131,117,253,246,0.493
wold-Saramaccan,northeuralex-ces,3.0428,103,94,187,151,0.4467
wold-Saramaccan,northeuralex-cat,2.8682,122,115,220,151,0.407
wold-Saramaccan,northeuralex-pol,3.1152,99,90,165,167,0.503
wold-Saramaccan,northeuralex-nor,2.5242,126,118,227,149,0.3963
wold-OldHighGerman,northeuralex-lit,3.3096,133,120,323,215,0.3996
wold-OldHighGerman,idssegmented-negerhollands,1.2786,346,259,779,497,0.3895
wold-OldHighGerman,idssegmented-oldchurchslavonic,3.1259,335,292,826,448,0.3516
wold-OldHighGerman,northeuralex-hrv,3.0862,161,147,383,216,0.3606
wold-OldHighGerman,northeuralex-ron,2.9368,156,146,348,197,0.3615
wold-OldHighGerman,northeuralex-gle,3.241,127,117,278,175,0.3863
wold-OldHighGerman,northeuralex-lav,3.1218,140,129,353,174,0.3302
wold-OldHighGerman,northeuralex-ita,2.5541,159,146,379,207,0.3532
wold-OldHighGerman,northeuralex-oss,2.9113,120,113,293,140,0.3233
wold-OldHighGerman,northeuralex-por,3.3114,175,167,440,206,0.3189
wold-OldHighGerman,northeuralex-pes,2.9107,116,114,291,165,0.3618
wold-OldHighGerman,northeuralex-fra,3.5421,160,151,321,239,0.4268
wold-OldHighGerman,northeuralex-slk,3.4612,154,145,399,180,0.3109
wold-OldHighGerman,northeuralex-spa,3.05,149,140,380,199,0.3437
wold-OldHighGerman,northeuralex-bul,3.0997,152,145,361,178,0.3302
wold-OldHighGerman,northeuralex-pbu,3.5311,87,84,209,103,0.3301
wold-OldHighGerman,northeuralex-sqi,3.3537,103,98,229,144,0.3861
wold-OldHighGerman,northeuralex-nld,1.0969,283,265,712,294,0.2922
wold-OldHighGerman,northeuralex-cym,2.6637,146,142,333,178,0.3483
wold-OldHighGerman,northeuralex-swe,1.184,235,224,576,272,0.3208
wold-OldHighGerman,northeuralex-isl,1.4876,191,184,484,216,0.3086
wold-OldHighGerman,northeuralex-ell,3.3144,184,175,439,267,0.3782
wold-OldHighGerman,northeuralex-ces,3.056,133,126,339,148,0.3039
wold-OldHighGerman,northeuralex-cat,2.9252,137,135,294,170,0.3664
wold-OldHighGerman,northeuralex-pol,3.0095,152,146,317,195,0.3809
wold-OldHighGerman,northeuralex-nor,1.0645,272,262,636,333,0.3437
northeuralex-lit,idssegmented-negerhollands,3.2151,113,85,251,244,0.4929
northeuralex-lit,idssegmented-oldchurchslavonic,2.5742,236,177,627,286,0.3133
northeuralex-lit,northeuralex-hrv,2.9404,569,434,1526,947,0.3829
northeuralex-lit,northeuralex-ron,3.3898,508,382,1298,880,0.404
northeuralex-lit,northeuralex-gle,3.4211,324,254,760,758,0.4993
northeuralex-lit,northeuralex-lav,2.0192,645,471,1926,913,0.3216
northeuralex-lit,northeuralex-ita,3.55,440,322,1100,647,0.3703
northeuralex-lit,northeuralex-oss,3.6739,273,222,693,484,0.4112
northeuralex-lit,northeuralex-por,3.7236,524,389,1353,875,0.3927
northeuralex-lit,northeuralex-pes,3.2309,251,217,641,463,0.4194
northeuralex-lit,northeuralex-fra,3.6087,485,368,1099,1004,0.4774
northeuralex-lit,northeuralex-slk,3.2838,493,384,1237,798,0.3921
northeuralex-lit,northeuralex-spa,3.5648,454,353,1181,725,0.3804
northeuralex-lit,northeuralex-bul,3.12,482,377,1300,852,0.3959
northeuralex-lit,northeuralex-pbu,3.8305,290,234,767,538,0.4123
northeuralex-lit,northeuralex-sqi,3.4031,377,297,893,739,0.4528
northeuralex-lit,northeuralex-nld,3.2722,469,361,1264,936,0.4255
northeuralex-lit,northeuralex-cym,3.3967,330,275,842,621,0.4245
northeuralex-lit,northeuralex-swe,3.2635,372,290,979,755,0.4354
northeuralex-lit,northeuralex-isl,3.4022,422,342,1196,729,0.3787
northeuralex-lit,northeuralex-ell,3.1749,452,356,1269,641,0.3356
northeuralex-lit,northeuralex-ces,3.1476,486,384,1247,772,0.3824
northeuralex-lit,northeuralex-cat,3.3926,413,328,1047,727,0.4098
northeuralex-lit,northeuralex-pol,3.3973,453,360,1052,721,0.4067
northeuralex-lit,northeuralex-nor,3.1116,359,290,914,774,0.4585
idssegmented-negerhollands,idssegmented-oldchurchslavonic,2.8708,314,192,681,652,0.4891
idssegmented-negerhollands,northeuralex-hrv,2.7735,200,126,415,369,0.4707
idssegmented-negerhollands,northeuralex-ron,2.6738,180,127,374,271,0.4202
idssegmented-negerhollands,northeuralex-gle,3.1468,129,98,252,125,0.3316
idssegmented-negerhollands,northeuralex-lav,2.9417,152,102,326,223,0.4062
idssegmented-negerhollands,northeuralex-ita,2.2458,143,110,297,271,0.4771
idssegmented-negerhollands,northeuralex-oss,3.0936,116,79,235,191,0.4484
idssegmented-negerhollands,northeuralex-por,2.8324,175,129,376,265,0.4134
idssegmented-negerhollands,northeuralex-pes,3.1256,104,72,223,166,0.4267
idssegmented-negerhollands,northeuralex-fra,3.0783,172,119,332,189,0.3628
idssegmented-negerhollands,northeuralex-slk,3.0193,162,108,363,238,0.396
idssegmented-negerhollands,northeuralex-spa,2.6744,159,125,344,253,0.4238
idssegmented-negerhollands,northeuralex-bul,2.9433,173,119,353,213,0.3763
idssegmented-negerhollands,northeuralex-pbu,3.441,92,65,195,138,0.4144
idssegmented-negerhollands,northeuralex-sqi,2.8983,116,86,236,145,0.3806
idssegmented-negerhollands,northeuralex-nld,0.8118,288,209,659,252,0.2766
idssegmented-negerhollands,northeuralex-cym,2.8968,133,106,281,149,0.3465
idssegmented-negerhollands,northeuralex-swe,1.2313,233,164,536,214,0.2853
idssegmented-negerhollands,northeuralex-isl,1.4698,165,128,381,262,0.4075
idssegmented-negerhollands,northeuralex-ell,2.986,160,114,357,309,0.464
idssegmented-negerhollands,northeuralex-ces,2.7222,154,105,342,208,0.3782
idssegmented-negerhollands,northeuralex-cat,2.4745,132,99,274,161,0.3701
idssegmented-negerhollands,northeuralex-pol,3.004,126,89,253,200,0.4415
idssegmented-negerhollands,northeuralex-nor,1.1111,223,165,477,209,0.3047
idssegmented-oldchurchslavonic,northeuralex-hrv,1.0036,320,253,834,349,0.295
idssegmented-oldchurchslavonic,northeuralex-ron,2.7917,242,184,576,321,0.3579
idssegmented-oldchurchslavonic,northeuralex-gle,3.4479,140,104,317,236,0.4268
idssegmented-oldchurchslavonic,northeuralex-lav,2.3767,243,186,600,308,0.3392
idssegmented-oldchurchslavonic,northeuralex-ita,3.0789,197,156,494,259,0.344
idssegmented-oldchurchslavonic,northeuralex-oss,3.3485,110,90,241,153,0.3883
idssegmented-oldchurchslavonic,northeuralex-por,3.1107,241,176,578,346,0.3745
idssegmented-oldchurchslavonic,northeuralex-pes,3.1418,166,136,409,240,0.3698
idssegmented-oldchurchslavonic,northeuralex-fra,3.113,189,146,416,329,0.4416
idssegmented-oldchurchslavonic,northeuralex-slk,1.3297,277,226,731,285,0.2805
idssegmented-oldchurchslavonic,northeuralex-spa,3.2403,220,168,516,308,0.3738
idssegmented-oldchurchslavonic,northeuralex-bul,1.1628,296,231,780,327,0.2954
idssegmented-oldchurchslavonic,northeuralex-pbu,3.482,162,123,361,228,0.3871
idssegmented-oldchurchslavonic,northeuralex-sqi,3.188,167,130,367,238,0.3934
idssegmented-oldchurchslavonic,northeuralex-nld,2.8725,190,145,447,275,0.3809
idssegmented-oldchurchslavonic,northeuralex-cym,3.0906,121,95,265,171,0.3922
idssegmented-oldchurchslavonic,northeuralex-swe,2.618,164,134,411,261,0.3884
idssegmented-oldchurchslavonic,northeuralex-isl,2.6828,147,124,372,213,0.3641
idssegmented-oldchurchslavonic,northeuralex-ell,3.1926,200,161,488,285,0.3687
idssegmented-oldchurchslavonic,northeuralex-ces,1.0129,263,214,700,270,0.2784
idssegmented-oldchurchslavonic,northeuralex-cat,3.1382,188,154,427,283,0.3986
idssegmented-oldchurchslavonic,northeuralex-pol,1.8349,267,223,624,275,0.3059
idssegmented-oldchurchslavonic,northeuralex-nor,2.6262,181,146,428,316,0.4247
northeuralex-hrv,northeuralex-ron,2.8623,503,405,1198,812,0.404
northeuralex-hrv,northeuralex-gle,3.5895,325,267,704,585,0.4538
northeuralex-hrv,northeuralex-lav,2.728,514,404,1305,783,0.375
northeuralex-hrv,northeuralex-ita,3.2299,484,378,1144,702,0.3803
northeuralex-hrv,northeuralex-oss,3.2182,288,233,637,451,0.4145
northeuralex-hrv,northeuralex-por,3.3559,542,420,1287,855,0.3992
northeuralex-hrv,northeuralex-pes,3.2371,261,226,620,365,0.3706
northeuralex-hrv,northeuralex-fra,3.3971,513,418,1093,891,0.4491
northeuralex-hrv,northeuralex-slk,1.7205,686,571,1846,736,0.2851
northeuralex-hrv,northeuralex-spa,3.3217,463,371,1116,720,0.3922
northeuralex-hrv,northeuralex-bul,1.4956,739,613,2026,810,0.2856
northeuralex-hrv,northeuralex-pbu,3.5071,380,312,844,490,0.3673
northeuralex-hrv,northeuralex-sqi,3.0201,406,332,895,630,0.4131
northeuralex-hrv,northeuralex-nld,3.0462,480,390,1211,722,0.3735
northeuralex-hrv,northeuralex-cym,3.2119,335,292,793,579,0.422
northeuralex-hrv,northeuralex-swe,2.8378,443,359,1091,719,0.3972
northeuralex-hrv,northeuralex-isl,3.0849,386,324,978,579,0.3719
northeuralex-hrv,northeuralex-ell,3.2992,506,415,1260,830,0.3971
northeuralex-hrv,northeuralex-ces,1.5158,625,531,1714,705,0.2914
northeuralex-hrv,northeuralex-cat,3.061,421,357,968,679,0.4123
northeuralex-hrv,northeuralex-pol,2.0925,614,528,1470,690,0.3194
northeuralex-hrv,northeuralex-nor,2.8425,425,354,1022,691,0.4034
northeuralex-ron,northeuralex-gle,3.3612,337,285,706,513,0.4208
northeuralex-ron,northeuralex-lav,3.2339,491,381,1180,693,0.37
northeuralex-ron,northeuralex-ita,1.7576,582,467,1444,816,0.3611
northeuralex-ron,northeuralex-oss,3.241,295,251,664,493,0.4261
northeuralex-ron,northeuralex-por,2.3705,621,491,1541,828,0.3495
northeuralex-ron,northeuralex-pes,2.9352,245,219,586,431,0.4238
northeuralex-ron,northeuralex-fra,2.7738,548,446,1216,752,0.3821
northeuralex-ron,northeuralex-slk,3.0775,458,380,1071,634,0.3718
northeuralex-ron,northeuralex-spa,2.0864,561,459,1436,712,0.3315
northeuralex-ron,northeuralex-bul,2.7874,454,375,1157,569,0.3297
northeuralex-ron,northeuralex-pbu,3.5349,313,264,703,446,0.3882
northeuralex-ron,northeuralex-sqi,2.7674,406,343,933,540,0.3666
northeuralex-ron,northeuralex-nld,2.8971,477,394,1176,696,0.3718
northeuralex-ron,northeuralex-cym,2.9096,351,312,785,494,0.3862
northeuralex-ron,northeuralex-swe,2.879,429,355,1025,610,0.3731
northeuralex-ron,northeuralex-isl,3.0526,346,300,837,528,0.3868
northeuralex-ron,northeuralex-ell,2.9717,497,417,1237,802,0.3933
northeuralex-ron,northeuralex-ces,3.1452,430,359,1019,616,0.3768
northeuralex-ron,northeuralex-cat,1.9208,514,449,1263,633,0.3339
northeuralex-ron,northeuralex-pol,3.3811,429,368,921,641,0.4104
northeuralex-ron,northeuralex-nor,2.7588,407,354,941,591,0.3858
northeuralex-gle,northeuralex-lav,3.4956,307,250,680,491,0.4193
northeuralex-gle,northeuralex-ita,3.0259,346,287,695,660,0.4871
northeuralex-gle,northeuralex-oss,3.8466,221,195,476,381,0.4446
northeuralex-gle,northeuralex-por,3.3488,410,348,863,676,0.4392
northeuralex-gle,northeuralex-pes,3.5394,179,166,393,270,0.4072
northeuralex-gle,northeuralex-fra,3.6334,349,298,671,473,0.4135
northeuralex-gle,northeuralex-slk,3.3388,286,239,608,457,0.4291
northeuralex-gle,northeuralex-spa,3.1174,338,293,724,590,0.449
northeuralex-gle,northeuralex-bul,3.4349,268,231,584,387,0.3986
northeuralex-gle,northeuralex-pbu,3.5946,252,223,555,421,0.4314
northeuralex-gle,northeuralex-sqi,3.5081,337,287,744,459,0.3815
northeuralex-gle,northeuralex-nld,3.1939,338,287,758,455,0.3751
northeuralex-gle,northeuralex-cym,2.8914,296,269,654,360,0.355
northeuralex-gle,northeuralex-swe,3.2598,305,258,689,365,0.3463
northeuralex-gle,northeuralex-isl,3.3798,273,241,603,409,0.4042
northeuralex-gle,northeuralex-ell,3.5542,360,307,821,725,0.469
northeuralex-gle,northeuralex-ces,3.4458,265,230,581,425,0.4225
northeuralex-gle,northeuralex-cat,3.0646,304,267,650,432,0.3993
northeuralex-gle,northeuralex-pol,3.7727,262,233,528,461,0.4661
northeuralex-gle,northeuralex-nor,3.1127,320,285,692,390,0.3604
northeuralex-lav,northeuralex-ita,3.1072,424,331,1035,703,0.4045
northeuralex-lav,northeuralex-oss,3.5499,286,235,711,395,0.3571
northeuralex-lav,northeuralex-por,3.5073,548,420,1443,797,0.3558
northeuralex-lav,northeuralex-pes,3.1882,211,191,526,322,0.3797
northeuralex-lav,northeuralex-fra,3.5276,447,356,980,708,0.4194
northeuralex-lav,northeuralex-slk,2.9405,545,419,1396,699,0.3337
northeuralex-lav,northeuralex-spa,3.3421,446,357,1184,622,0.3444
northeuralex-lav,northeuralex-bul,3.0288,465,376,1146,604,0.3451
northeuralex-lav,northeuralex-pbu,3.5572,321,272,831,408,0.3293
northeuralex-lav,northeuralex-sqi,3.4556,432,338,1071,649,0.3773
northeuralex-lav,northeuralex-nld,3.0805,476,370,1168,656,0.3596
northeuralex-lav,northeuralex-cym,3.2627,323,265,765,468,0.3796
northeuralex-lav,northeuralex-swe,2.947,419,330,1018,599,0.3704
northeuralex-lav,northeuralex-isl,3.1773,395,330,1032,546,0.346
northeuralex-lav,northeuralex-ell,2.962,473,384,1211,722,0.3735
northeuralex-lav,northeuralex-ces,2.5827,480,391,1251,604,0.3256
northeuralex-lav,northeuralex-cat,3.274,416,347,960,622,0.3932
northeuralex-lav,northeuralex-pol,3.3774,473,392,1028,640,0.3837
northeuralex-lav,northeuralex-nor,2.8267,400,330,952,623,0.3956
northeuralex-ita,northeuralex-oss,3.4241,270,222,606,445,0.4234
northeuralex-ita,northeuralex-por,1.5927,659,521,1763,784,0.3078
northeuralex-ita,northeuralex-pes,3.2354,210,183,480,318,0.3985
northeuralex-ita,northeuralex-fra,2.2883,605,483,1294,1067,0.4519
northeuralex-ita,northeuralex-slk,3.2096,437,363,959,609,0.3884
northeuralex-ita,northeuralex-spa,1.1868,626,519,1745,665,0.2759
northeuralex-ita,northeuralex-bul,3.0392,410,336,970,613,0.3872
northeuralex-ita,northeuralex-pbu,3.4856,308,252,661,400,0.377
northeuralex-ita,northeuralex-sqi,2.7355,447,363,983,735,0.4278
northeuralex-ita,northeuralex-nld,2.7701,489,392,1157,770,0.3996
northeuralex-ita,northeuralex-cym,2.7139,361,304,818,593,0.4203
northeuralex-ita,northeuralex-swe,2.7916,479,393,1118,856,0.4336
northeuralex-ita,northeuralex-isl,2.9043,363,313,846,539,0.3892
northeuralex-ita,northeuralex-ell,3.0842,525,435,1319,837,0.3882
northeuralex-ita,northeuralex-ces,3.3565,393,332,948,551,0.3676
northeuralex-ita,northeuralex-cat,1.3975,646,560,1678,918,0.3536
northeuralex-ita,northeuralex-pol,3.4436,424,353,877,619,0.4138
northeuralex-ita,northeuralex-nor,2.6057,467,391,1060,851,0.4453
northeuralex-oss,northeuralex-por,3.5228,313,252,767,465,0.3774
northeuralex-oss,northeuralex-pes,2.6724,275,242,760,407,0.3488
northeuralex-oss,northeuralex-fra,3.7188,250,215,512,359,0.4122
northeuralex-oss,northeuralex-slk,3.6891,257,219,608,365,0.3751
northeuralex-oss,northeuralex-spa,3.5398,279,225,691,409,0.3718
northeuralex-oss,northeuralex-bul,3.1619,257,218,599,407,0.4046
northeuralex-oss,northeuralex-pbu,3.3153,289,251,834,427,0.3386
northeuralex-oss,northeuralex-sqi,3.339,253,218,590,383,0.3936
northeuralex-oss,northeuralex-nld,3.2907,294,255,664,407,0.38
northeuralex-oss,northeuralex-cym,3.279,240,208,552,346,0.3853
northeuralex-oss,northeuralex-swe,3.1018,243,205,550,346,0.3862
northeuralex-oss,northeuralex-isl,3.4151,225,203,518,323,0.3841
northeuralex-oss,northeuralex-ell,3.428,311,265,715,517,0.4196
northeuralex-oss,northeuralex-ces,3.3854,250,210,589,380,0.3922
northeuralex-oss,northeuralex-cat,3.3774,230,202,522,354,0.4041
northeuralex-oss,northeuralex-pol,3.499,251,220,505,379,0.4287
northeuralex-oss,northeuralex-nor,3.09,236,204,511,350,0.4065
northeuralex-por,northeuralex-pes,3.3795,245,217,614,371,0.3766
northeuralex-por,northeuralex-fra,2.4329,635,517,1446,910,0.3862
northeuralex-por,northeuralex-slk,3.6162,531,427,1360,733,0.3502
northeuralex-por,northeuralex-spa,1.1129,786,637,2338,657,0.2194
northeuralex-por,northeuralex-bul,3.303,534,440,1251,753,0.3757
northeuralex-por,northeuralex-pbu,3.503,350,294,847,468,0.3559
northeuralex-por,northeuralex-sqi,3.1697,505,410,1226,758,0.3821
northeuralex-por,northeuralex-nld,3.184,553,450,1288,783,0.3781
northeuralex-por,northeuralex-cym,3.1465,396,345,935,579,0.3824
northeuralex-por,northeuralex-swe,3.0944,457,379,1049,706,0.4023
northeuralex-por,northeuralex-isl,3.285,403,345,937,594,0.388
northeuralex-por,northeuralex-ell,3.2843,585,495,1400,958,0.4063
northeuralex-por,northeuralex-ces,3.4917,477,389,1263,676,0.3486
northeuralex-por,northeuralex-cat,1.5662,640,543,1616,747,0.3161
northeuralex-por,northeuralex-pol,3.405,501,419,1084,728,0.4018
northeuralex-por,northeuralex-nor,3.0231,453,382,1038,696,0.4014
northeuralex-pes,northeuralex-fra,3.4924,272,243,591,439,0.4262
northeuralex-pes,northeuralex-slk,3.2522,241,219,575,341,0.3723
northeuralex-pes,northeuralex-spa,3.223,239,215,592,390,0.3971
northeuralex-pes,northeuralex-bul,3.1481,252,220,628,392,0.3843
northeuralex-pes,northeuralex-pbu,2.0267,288,268,863,304,0.2605
northeuralex-pes,northeuralex-sqi,3.1586,191,179,473,281,0.3727
northeuralex-pes,northeuralex-nld,3.0,219,197,553,327,0.3716
northeuralex-pes,northeuralex-cym,3.2228,180,174,404,294,0.4212
northeuralex-pes,northeuralex-swe,3.1836,177,164,414,263,0.3885
northeuralex-pes,northeuralex-isl,3.1552,183,173,451,303,0.4019
northeuralex-pes,northeuralex-ell,3.1459,216,198,521,435,0.455
northeuralex-pes,northeuralex-ces,3.2275,222,199,545,342,0.3856
northeuralex-pes,northeuralex-cat,3.1705,193,183,434,291,0.4014
northeuralex-pes,northeuralex-pol,3.2883,208,191,444,319,0.4181
northeuralex-pes,northeuralex-nor,3.0272,178,170,404,240,0.3727
northeuralex-fra,northeuralex-slk,3.4683,466,402,978,678,0.4094
northeuralex-fra,northeuralex-spa,2.4735,583,499,1360,850,0.3846
northeuralex-fra,northeuralex-bul,3.2977,506,424,1085,705,0.3939
northeuralex-fra,northeuralex-pbu,3.7783,296,255,636,425,0.4006
northeuralex-fra,northeuralex-sqi,3.4742,406,351,873,595,0.4053
northeuralex-fra,northeuralex-nld,3.4535,511,417,1118,603,0.3504
northeuralex-fra,northeuralex-cym,3.4788,388,341,825,514,0.3839
northeuralex-fra,northeuralex-swe,3.3922,437,370,923,519,0.3599
northeuralex-fra,northeuralex-isl,3.4779,374,333,816,594,0.4213
northeuralex-fra,northeuralex-ell,3.3923,497,425,1091,962,0.4686
northeuralex-fra,northeuralex-ces,3.4592,449,388,967,651,0.4023
northeuralex-fra,northeuralex-cat,2.3415,530,463,1189,635,0.3481
northeuralex-fra,northeuralex-pol,3.4298,447,391,898,754,0.4564
northeuralex-fra,northeuralex-nor,3.3372,451,389,955,538,0.3603
northeuralex-slk,northeuralex-spa,3.6967,451,378,1200,636,0.3464
northeuralex-slk,northeuralex-bul,1.6103,611,537,1604,523,0.2459
northeuralex-slk,northeuralex-pbu,3.7432,286,250,701,360,0.3393
northeuralex-slk,northeuralex-sqi,3.2546,403,343,970,565,0.3681
northeuralex-slk,northeuralex-nld,3.0381,453,381,1075,599,0.3578
northeuralex-slk,northeuralex-cym,3.4362,304,268,674,406,0.3759
northeuralex-slk,northeuralex-swe,2.986,435,373,1001,586,0.3693
northeuralex-slk,northeuralex-isl,3.1304,417,358,997,593,0.373
northeuralex-slk,northeuralex-ell,3.5101,470,406,1090,697,0.39
northeuralex-slk,northeuralex-ces,0.9379,826,701,2578,369,0.1252
northeuralex-slk,northeuralex-cat,3.2664,410,362,897,545,0.3779
northeuralex-slk,northeuralex-pol,1.4856,660,586,1664,503,0.2321
northeuralex-slk,northeuralex-nor,2.8241,422,365,955,599,0.3855
northeuralex-spa,northeuralex-bul,3.2652,458,391,1105,642,0.3675
northeuralex-spa,northeuralex-pbu,3.437,312,268,762,415,0.3526
northeuralex-spa,northeuralex-sqi,3.043,410,350,1023,619,0.377
northeuralex-spa,northeuralex-nld,2.8558,459,381,1137,660,0.3673
northeuralex-spa,northeuralex-cym,2.8967,380,347,920,571,0.383
northeuralex-spa,northeuralex-swe,2.783,407,340,954,604,0.3877
northeuralex-spa,northeuralex-isl,3.0598,334,303,786,438,0.3578
northeuralex-spa,northeuralex-ell,3.2206,514,444,1260,748,0.3725
northeuralex-spa,northeuralex-ces,3.4693,420,359,1106,592,0.3486
northeuralex-spa,northeuralex-cat,1.0938,573,510,1600,628,0.2819
northeuralex-spa,northeuralex-pol,3.5216,422,370,926,618,0.4003
northeuralex-spa,northeuralex-nor,2.75,396,345,916,633,0.4087
northeuralex-bul,northeuralex-pbu,3.4395,288,256,678,368,0.3518
northeuralex-bul,northeuralex-sqi,3.062,388,332,903,515,0.3632
northeuralex-bul,northeuralex-nld,3.0194,459,383,1136,579,0.3376
northeuralex-bul,northeuralex-cym,3.3081,324,292,740,446,0.3761
northeuralex-bul,northeuralex-swe,2.8647,417,359,1020,522,0.3385
northeuralex-bul,northeuralex-isl,3.0364,396,346,962,551,0.3642
northeuralex-bul,northeuralex-ell,3.1801,434,376,1094,642,0.3698
northeuralex-bul,northeuralex-ces,1.7168,606,521,1603,564,0.2603
northeuralex-bul,northeuralex-cat,2.869,399,349,931,537,0.3658
northeuralex-bul,northeuralex-pol,1.9538,552,501,1342,555,0.2926
northeuralex-bul,northeuralex-nor,2.8533,395,347,941,517,0.3546
northeuralex-pbu,northeuralex-sqi,3.4368,299,260,712,437,0.3803
northeuralex-pbu,northeuralex-nld,3.4606,301,256,710,429,0.3766
northeuralex-pbu,northeuralex-cym,3.5471,234,209,541,331,0.3796
northeuralex-pbu,northeuralex-swe,3.4521,228,202,511,332,0.3938
northeuralex-pbu,northeuralex-isl,3.5202,211,189,496,323,0.3944
northeuralex-pbu,northeuralex-ell,3.4966,370,327,878,645,0.4235
northeuralex-pbu,northeuralex-ces,3.4466,276,240,674,394,0.3689
northeuralex-pbu,northeuralex-cat,3.6407,249,223,551,327,0.3724
northeuralex-pbu,northeuralex-pol,3.7064,263,238,545,382,0.4121
northeuralex-pbu,northeuralex-nor,3.4606,222,201,495,342,0.4086
northeuralex-sqi,northeuralex-nld,3.0513,386,330,877,577,0.3968
northeuralex-sqi,northeuralex-cym,3.1343,281,252,633,371,0.3695
northeuralex-sqi,northeuralex-swe,3.038,322,275,711,420,0.3714
northeuralex-sqi,northeuralex-isl,3.2425,293,264,668,433,0.3933
northeuralex-sqi,northeuralex-ell,3.1183,460,398,1057,782,0.4252
northeuralex-sqi,northeuralex-ces,3.416,349,302,863,485,0.3598
northeuralex-sqi,northeuralex-cat,2.9603,341,305,755,481,0.3892
northeuralex-sqi,northeuralex-pol,3.5045,378,337,771,572,0.4259
northeuralex-sqi,northeuralex-nor,2.9455,317,277,679,457,0.4023
northeuralex-nld,northeuralex-cym,3.0274,372,336,875,468,0.3485
northeuralex-nld,northeuralex-swe,1.4169,593,507,1571,443,0.22
northeuralex-nld,northeuralex-isl,2.0638,469,411,1223,637,0.3425
northeuralex-nld,northeuralex-ell,3.0627,492,423,1259,884,0.4125
northeuralex-nld,northeuralex-ces,3.0538,435,368,1040,599,0.3655
northeuralex-nld,northeuralex-cat,2.907,422,372,1000,556,0.3573
northeuralex-nld,northeuralex-pol,3.1343,396,345,864,632,0.4225
northeuralex-nld,northeuralex-nor,1.3154,584,513,1503,481,0.2424
northeuralex-cym,northeuralex-swe,3.0945,344,309,794,424,0.3481
northeuralex-cym,northeuralex-isl,3.2605,298,280,714,426,0.3737
northeuralex-cym,northeuralex-ell,3.1206,353,317,846,627,0.4257
northeuralex-cym,northeuralex-ces,3.3303,287,257,654,372,0.3626
northeuralex-cym,northeuralex-cat,2.7679,316,292,711,426,0.3747
northeuralex-cym,northeuralex-pol,3.5801,281,256,562,400,0.4158
northeuralex-cym,northeuralex-nor,3.0135,324,294,741,383,0.3407
northeuralex-swe,northeuralex-isl,1.4242,594,523,1570,727,0.3165
northeuralex-swe,northeuralex-ell,3.1799,407,350,1034,783,0.4309
northeuralex-swe,northeuralex-ces,2.9737,396,342,913,548,0.3751
northeuralex-swe,northeuralex-cat,2.7897,381,344,870,496,0.3631
northeuralex-swe,northeuralex-pol,3.1866,364,317,777,534,0.4073
northeuralex-swe,northeuralex-nor,0.5057,810,701,2179,422,0.1622
northeuralex-isl,northeuralex-ell,3.1313,366,322,937,554,0.3716
northeuralex-isl,northeuralex-ces,3.172,381,327,907,547,0.3762
northeuralex-isl,northeuralex-cat,3.0791,312,283,746,465,0.384
northeuralex-isl,northeuralex-pol,3.3997,326,295,733,509,0.4098
northeuralex-isl,northeuralex-nor,1.1695,531,479,1357,657,0.3262
northeuralex-ell,northeuralex-ces,3.4159,433,381,1017,661,0.3939
northeuralex-ell,northeuralex-cat,2.9934,422,380,1057,731,0.4088
northeuralex-ell,northeuralex-pol,3.5324,435,390,926,681,0.4238
northeuralex-ell,northeuralex-nor,2.9989,390,345,944,773,0.4502
northeuralex-ces,northeuralex-cat,3.3048,385,342,863,526,0.3787
northeuralex-ces,northeuralex-pol,1.6164,602,538,1538,471,0.2344
northeuralex-ces,northeuralex-nor,2.9748,404,352,913,586,0.3909
northeuralex-cat,northeuralex-pol,3.3629,397,364,813,585,0.4185
northeuralex-cat,northeuralex-nor,2.7944,398,360,900,542,0.3759
northeuralex-pol,northeuralex-nor,3.1689,352,320,758,547,0.4192
