concept,cogid,form_a,form_b,seg_a,seg_b,differing_features
accuse,31,akusaɾ,ɐkuzaɾ,s,z,voi
accuse,31,denunθjaɾ,ɐkuzaɾ,n,k,"voi,nas,ant,cor,back,hi,son"
accuse,31,denunθjaɾ,ɐkuzaɾ,θ,z,"voi,strid"
acorn,76,beʎota,bulɔtɐ,ʎ,l,"ant,hi"
admit,152,aðmitiɾ,kõfɨsaɾ,m,f,"cont,voi,nas,strid,son"
admit,152,aðmitiɾ,kõfɨsaɾ,t,s,"cont,strid"
admit,152,aðmitiɾ,ɐdmitiɾ,ð,d,cont
admit,152,komfesaɾ,ɐdmitiɾ,f,m,"cont,voi,nas,strid,son"
admit,152,komfesaɾ,ɐdmitiɾ,m,d,"nas,cor,lab,son"
admit,152,komfesaɾ,ɐdmitiɾ,s,t,"cont,strid"
admit,152,rekonoθɛɾ,kõfɨsaɾ,n,f,"cont,voi,nas,cor,lab,strid,son"
admit,152,rekonoθɛɾ,kõfɨsaɾ,θ,s,strid
admit,152,rekonoθɛɾ,ɐdmitiɾ,k,d,"voi,ant,cor,back,hi"
admit,152,rekonoθɛɾ,ɐdmitiɾ,n,m,"cor,lab"
admit,152,rekonoθɛɾ,ɐdmitiɾ,θ,t,cont
adobe,187,aðoβe,ɐdɔbɨ,ð,d,cont
adobe,187,aðoβe,ɐdɔbɨ,β,b,cont
adultery,208,aðultɛɾjo,ɐdulˠtɛɾju,l,lˠ,hi
adultery,208,aðultɛɾjo,ɐdulˠtɛɾju,ð,d,cont
again,353,otɾa+βɛθ,otɾɐ+veʃ,β,v,strid
again,353,otɾa+βɛθ,otɾɐ+veʃ,θ,ʃ,"ant,strid"
again,401,de+nweβo,dɨ+nɔvu,β,v,strid
alcoholfermenteddrink,492,beβiða+fɛɾmentaða,bɨbidɐ+fɨɾmẽtadɐ,ð,d,cont
alcoholfermenteddrink,492,beβiða+fɛɾmentaða,bɨbidɐ+fɨɾmẽtadɐ,ð,d,cont
alcoholfermenteddrink,492,beβiða+fɛɾmentaða,bɨbidɐ+fɨɾmẽtadɐ,β,b,cont
alloworpermit,604,dexaɾ,dɐiʃaɾ,x,ʃ,"cor,back,strid,hi"
alloworpermit,604,dexaɾ,pɨɾmitiɾ,d,p,"voi,cor,lab"
alloworpermit,604,dexaɾ,pɨɾmitiɾ,x,t,"cont,ant,cor,back,hi"
alloworpermit,604,pɛɾmitiɾ,dɐiʃaɾ,p,d,"voi,cor,lab"
alloworpermit,604,pɛɾmitiɾ,dɐiʃaɾ,t,ʃ,"cont,ant,strid"
ambush,764,aθetʃaɾ,ẽbuʃkadɐ,ɾ,d,"cont,hi,lo,son"
ambush,764,aθetʃaɾ,ẽbuʃkadɐ,θ,b,"cont,voi,cor,lab"
ancestors,803,antepasaðos,ɐ̃sɨʃtɾaiʃ,p,ʃ,"cont,ant,cor,lab,strid"
ancestors,803,antepasaðos,ɐ̃sɨʃtɾaiʃ,s,t,"cont,strid"
ancestors,803,antepasaðos,ɐ̃sɨʃtɾaiʃ,s,ʃ,ant
ancestors,803,antepasaðos,ɐ̃sɨʃtɾaiʃ,t,s,"cont,strid"
ancestors,803,antepasaðos,ɐ̃sɨʃtɾaiʃ,ð,ɾ,"hi,lo,son"
ancestors,803,antepasaðos,ɐ̃tɨpɐsaduʃ,s,ʃ,ant
ancestors,803,antepasaðos,ɐ̃tɨpɐsaduʃ,ð,d,cont
anchor,833,ankla,ɐ̃kuɾɐ,l,ɾ,"hi,lo"
anchor,833,ankla,ɐ̃kuɾɐ,n,k,"voi,nas,ant,cor,back,hi,son"
anger,881,enoxo,ʁaivɐ,x,v,"voi,ant,lab,back,strid,hi"
anger,881,raβja,ʁaivɐ,r,ʁ,"ant,cor,back,strid,hi,lo,son"
anger,881,raβja,ʁaivɐ,β,v,strid
animal,941,animal,ɐnimalˠ,l,lˠ,hi
ankle,988,toβiʎo,tuɾnuzɛlu,ʎ,l,"ant,hi"
ankle,988,toβiʎo,tuɾnuzɛlu,β,z,"cor,lab,strid"
announce,1028,anunθjaɾ,ɐnũsjaɾ,θ,s,strid
announce,1028,aβisaɾ,ɐnũsjaɾ,β,n,"cont,nas,cor,lab,son"
answer,1052,kontɛstaɾ,ʁɨʃpõdeɾ,k,ʁ,"cont,voi,strid,hi"
answer,1052,kontɛstaɾ,ʁɨʃpõdeɾ,n,ʃ,"cont,voi,nas,ant,strid,son"
answer,1052,kontɛstaɾ,ʁɨʃpõdeɾ,t,d,voi
answer,1052,kontɛstaɾ,ʁɨʃpõdeɾ,t,p,"cor,lab"
answer,1052,rɛspondɛɾ,ʁɨʃpõdeɾ,r,ʁ,"ant,cor,back,strid,hi,lo,son"
answer,1052,rɛspondɛɾ,ʁɨʃpõdeɾ,s,ʃ,ant
ant,1083,oɾmiɣa,fuɾmigɐ,ɣ,g,cont
anvil,1140,ɟʝunke,bigɔɾnɐ,k,n,"voi,nas,ant,cor,back,hi,son"
anvil,1140,ɟʝunke,bigɔɾnɐ,n,ɾ,"cont,nas,hi,lo"
anvil,1140,ɟʝunke,bigɔɾnɐ,ɟ,b,"ant,lab,hi"
anvil,1140,ɟʝunke,bigɔɾnɐ,ʝ,g,"cont,back"
anxiety,1145,pɾeokupaθjon,pɾiukupɐsɐ̃ũ,θ,s,strid
approach,1196,aθɛɾkaɾse,ɐpɾusimaɾ,k,s,"cont,ant,cor,back,strid,hi"
approach,1196,aθɛɾkaɾse,ɐpɾusimaɾ,ɾ,m,"cont,nas,cor,lab,hi,lo"
approach,1196,aθɛɾkaɾse,ɐpɾusimaɾ,θ,p,"cont,cor,lab"
arm,1267,bɾaθo,bɾasu,θ,s,strid
armour,1317,aɾmaðuɾa,ɐɾmɐduɾɐ,ð,d,cont
armpit,1355,aksila,suvaku,l,k,"cont,voi,ant,cor,back,hi,son"
armpit,1355,aksila,suvaku,s,v,"voi,cor,lab"
armpit,1355,soβako,suvaku,β,v,strid
armpit,1355,soβako,ɐksilɐ,k,l,"cont,voi,ant,cor,back,hi,son"
armpit,1355,soβako,ɐksilɐ,β,s,"voi,cor,lab,strid"
army,1357,exɛɾθito,izɛɾsitu,x,z,"voi,ant,cor,back,strid,hi"
army,1357,exɛɾθito,izɛɾsitu,θ,s,strid
army,1357,tɾopas,izɛɾsitu,p,s,"cont,cor,lab,strid"
army,1357,tɾopas,izɛɾsitu,s,t,"cont,strid"
army,1357,tɾopas,izɛɾsitu,ɾ,z,"strid,hi,lo,son"
arrive,1390,alkanθaɾ,ʃɨgaɾ,k,ʃ,"cont,cor,back,strid,hi"
arrive,1390,alkanθaɾ,ʃɨgaɾ,θ,g,"cont,voi,ant,cor,back,hi"
arson,1517,inθendjo+pɾemeðitaðo,ĩsẽdju+kulˠpɔzu,p,k,"ant,lab,back,hi"
arson,1517,inθendjo+pɾemeðitaðo,ĩsẽdju+kulˠpɔzu,t,p,"cor,lab"
arson,1517,inθendjo+pɾemeðitaðo,ĩsẽdju+kulˠpɔzu,ð,lˠ,"hi,son"
arson,1517,inθendjo+pɾemeðitaðo,ĩsẽdju+kulˠpɔzu,ð,z,strid
arson,1517,inθendjo+pɾemeðitaðo,ĩsẽdju+kulˠpɔzu,θ,s,strid
askinquire,1584,pɾeɣuntaɾ,pɨɾgũtaɾ,ɣ,g,cont
autumn,1879,otoɲo,otɔnu,ɲ,n,"ant,cor,hi"
awl,1927,punθon,suvɛlɐ,n,v,"cont,nas,cor,lab,strid,son"
awl,1927,punθon,suvɛlɐ,p,s,"cont,cor,lab,strid"
baby,1986,niɲo,nɨne,ɲ,n,"ant,cor,hi"
baby,1996,beβe,bɨbe,β,b,cont
bald,2354,pelaðo,kalˠvu,l,lˠ,hi
bald,2354,pelaðo,kalˠvu,p,k,"ant,lab,back,hi"
bald,2354,pelaðo,kalˠvu,ð,v,"cor,lab,strid"
ball,2382,gloβo,bolɐ,g,b,"ant,lab,back,hi"
ball,2382,gloβo,bolɐ,β,l,"cor,lab,son"
ball,2382,gloβo,ʃfɛɾɐ,g,ʃ,"cont,voi,cor,back,strid,hi"
ball,2382,gloβo,ʃfɛɾɐ,l,f,"voi,cor,lab,strid,son"
ball,2382,gloβo,ʃfɛɾɐ,β,ɾ,"cor,lab,hi,lo,son"
ball,2382,pelota,bolɐ,p,b,voi
ball,2382,pelota,ʃfɛɾɐ,l,f,"voi,cor,lab,strid,son"
ball,2382,pelota,ʃfɛɾɐ,p,ʃ,"cont,ant,cor,lab,strid"
ball,2382,pelota,ʃfɛɾɐ,t,ɾ,"cont,voi,hi,lo,son"
ball,2382,ɛsfɛɾa,bolɐ,f,b,"cont,voi,strid"
ball,2382,ɛsfɛɾa,bolɐ,ɾ,l,"hi,lo"
ball,2382,ɛsfɛɾa,ʃfɛɾɐ,s,ʃ,ant
bananatree,2405,platano,bɐnɐnɐiɾɐ,l,n,"cont,nas"
bananatree,2405,platano,bɐnɐnɐiɾɐ,n,ɾ,"cont,nas,hi,lo"
bananatree,2405,platano,bɐnɐnɐiɾɐ,p,b,voi
bananatree,2405,platano,bɐnɐnɐiɾɐ,t,n,"voi,nas,son"
barley,2501,θeβaða,sɨvadɐ,ð,d,cont
barley,2501,θeβaða,sɨvadɐ,β,v,strid
barley,2501,θeβaða,sɨvadɐ,θ,s,strid
basket,2521,kanasta,sɛʃtu,n,s,"cont,voi,nas,strid,son"
basket,2521,kanasta,sɛʃtu,s,ʃ,ant
basket,2521,kanasta,sɛʃtɐ,n,s,"cont,voi,nas,strid,son"
basket,2521,kanasta,sɛʃtɐ,s,ʃ,ant
basket,2521,kanasto,sɛʃtu,n,s,"cont,voi,nas,strid,son"
basket,2521,kanasto,sɛʃtu,s,ʃ,ant
basket,2521,kanasto,sɛʃtɐ,n,s,"cont,voi,nas,strid,son"
basket,2521,kanasto,sɛʃtɐ,s,ʃ,ant
basket,2521,θɛsto,sɛʃtu,s,ʃ,ant
basket,2521,θɛsto,sɛʃtu,θ,s,strid
basket,2521,θɛsto,sɛʃtɐ,s,ʃ,ant
basket,2521,θɛsto,sɛʃtɐ,θ,s,strid
bat,2537,muɾθjelaɣo,muɾsɛgu,ɣ,g,cont
bat,2537,muɾθjelaɣo,muɾsɛgu,θ,s,strid
bead,2780,aβaloɾjo,kõtɐʃ,j,ʃ,"voi,cor,strid,hi,son"
bead,2780,aβaloɾjo,kõtɐʃ,l,t,"cont,voi,son"
bead,2780,aβaloɾjo,kõtɐʃ,β,k,"cont,voi,ant,lab,back,hi"
bead,2780,aβaloɾjo,misɐ̃gɐ,j,g,"cont,back,son"
bead,2780,aβaloɾjo,misɐ̃gɐ,l,s,"voi,strid,son"
bead,2780,aβaloɾjo,misɐ̃gɐ,β,m,"cont,nas,son"
bead,2780,tʃakiɾa,kõtɐʃ,k,t,"ant,cor,back,hi"
bead,2780,tʃakiɾa,kõtɐʃ,ɾ,ʃ,"voi,ant,strid,hi,lo,son"
bead,2780,tʃakiɾa,misɐ̃gɐ,k,s,"cont,ant,cor,back,strid,hi"
bead,2780,tʃakiɾa,misɐ̃gɐ,ɾ,g,"cont,ant,cor,back,hi,lo,son"
bealiveorlife,2864,biða,vidɐ,b,v,"cont,strid"
bealiveorlife,2864,biða,vidɐ,ð,d,cont
bealiveorlife,2864,biða,viveɾ,b,v,"cont,strid"
bealiveorlife,2864,biða,viveɾ,ð,v,"cor,lab,strid"
bealiveorlife,2864,biða,vivu,b,v,"cont,strid"
bealiveorlife,2864,biða,vivu,ð,v,"cor,lab,strid"
bealiveorlife,2864,biβiɾ,vidɐ,b,v,"cont,strid"
bealiveorlife,2864,biβiɾ,vidɐ,β,d,"cont,cor,lab"
bealiveorlife,2864,biβiɾ,viveɾ,b,v,"cont,strid"
bealiveorlife,2864,biβiɾ,viveɾ,β,v,strid
bealiveorlife,2864,biβiɾ,vivu,b,v,"cont,strid"
bealiveorlife,2864,biβiɾ,vivu,β,v,strid
bealiveorlife,2864,biβo,vidɐ,b,v,"cont,strid"
bealiveorlife,2864,biβo,vidɐ,β,d,"cont,cor,lab"
bealiveorlife,2864,biβo,viveɾ,b,v,"cont,strid"
bealiveorlife,2864,biβo,viveɾ,β,v,strid
bealiveorlife,2864,biβo,vivu,b,v,"cont,strid"
bealiveorlife,2864,biβo,vivu,β,v,strid
beam,2913,biɣa,tɾavɨ,b,t,"voi,cor,lab"
beam,2913,biɣa,tɾavɨ,ɣ,v,"ant,lab,back,strid,hi"
beam,2913,biɣa,vigɐ,b,v,"cont,strid"
beam,2913,biɣa,vigɐ,ɣ,g,cont
bean,2948,fɾixol,fɐiʒɐ̃ũ,x,ʒ,"voi,cor,back,strid,hi"
beautiful,3103,ɛɾmoso,bunitu,m,n,"cor,lab"
beautiful,3103,ɛɾmoso,bunitu,s,t,"cont,strid"
beautiful,3104,lindo,bɛlu,d,l,"cont,son"
beautiful,3104,lindo,bɛlu,l,b,"cont,cor,lab,son"
beborn,3142,naθɛɾ,nɐʃseɾ,θ,s,strid
bedeadordie,3342,moɾiɾ,muʁeɾ,ɾ,ʁ,"ant,cor,back,strid,hi,lo,son"
bedeadordie,3342,mwɛɾto,muʁeɾ,t,ɾ,"cont,voi,hi,lo,son"
bee,3378,aβexa,ɐbɐʎɐ,x,ʎ,"voi,cor,back,son"
bee,3378,aβexa,ɐbɐʎɐ,β,b,cont
beehive,3423,kolmena,kɔlˠmɐiɐ,l,lˠ,hi
beget,3554,enxendɾaɾ,ʒɨɾaɾ,x,ʒ,"voi,cor,back,strid,hi"
beget,3554,enxendɾaɾ,ẽpɾɨɲaɾ,n,p,"voi,nas,cor,lab,son"
beget,3554,enxendɾaɾ,ẽpɾɨɲaɾ,n,ɲ,"ant,cor,hi"
beget,3554,enxendɾaɾ,ẽpɾɨɲaɾ,x,ɾ,"voi,ant,cor,back,hi,lo,son"
beget,3554,pɾokɾeaɾ,ʒɨɾaɾ,ɾ,ʒ,"ant,strid,hi,lo,son"
beget,3554,pɾokɾeaɾ,ẽpɾɨɲaɾ,ɾ,p,"cont,voi,cor,lab,hi,lo,son"
beggar,3557,mendiɣo,mẽdigu,ɣ,g,cont
beginorstart,3622,iniθjo,kumɨsaɾ,n,m,"cor,lab"
beginorstart,3622,iniθjo,kumɨsaɾ,θ,s,strid
beginorstart,3622,komenθaɾ,kumɨsaɾ,θ,s,strid
behind,3661,atɾas,ɐtɾaʃ,s,ʃ,ant
behind,3661,dɛtɾas,ɐtɾaʃ,s,ʃ,ant
belate,3747,demoɾaɾ,ɐtɾɐzaɾ,m,ɾ,"cont,nas,cor,lab,hi,lo"
belate,3747,demoɾaɾ,ɐtɾɐzaɾ,ɾ,z,"strid,hi,lo,son"
belate,3747,rɛtɾasaɾ,dɨmuɾaɾ,r,d,"cont,hi,lo,son"
belate,3747,rɛtɾasaɾ,dɨmuɾaɾ,s,ɾ,"voi,strid,hi,lo,son"
belate,3747,rɛtɾasaɾ,dɨmuɾaɾ,t,m,"voi,nas,cor,lab,son"
belate,3747,rɛtɾasaɾ,ɐtɾɐzaɾ,s,z,voi
belate,3747,taɾðaɾ,dɨmuɾaɾ,t,d,voi
belate,3747,taɾðaɾ,dɨmuɾaɾ,ð,ɾ,"hi,lo,son"
belate,3747,taɾðaɾ,dɨmuɾaɾ,ɾ,m,"cont,nas,cor,lab,hi,lo"
belate,3747,taɾðaɾ,ɐtɾɐzaɾ,ð,z,strid
bend,3990,doβlaɾ,dubɾaɾ,l,ɾ,"hi,lo"
bend,3990,doβlaɾ,dubɾaɾ,β,b,cont
bend,3990,doβlaɾ,kuɾvaɾ,d,k,"voi,ant,cor,back,hi"
bend,3990,doβlaɾ,kuɾvaɾ,l,v,"cor,lab,strid,son"
bend,3990,doβlaɾ,kuɾvaɾ,β,ɾ,"cor,lab,hi,lo,son"
bend,3990,enkoɾβaɾ,dubɾaɾ,n,d,"nas,son"
bend,3990,enkoɾβaɾ,dubɾaɾ,ɾ,b,"cont,cor,lab,hi,lo,son"
bend,3990,enkoɾβaɾ,dubɾaɾ,β,ɾ,"cor,lab,hi,lo,son"
bend,3990,enkoɾβaɾ,kuɾvaɾ,β,v,strid
beside,4095,al+laðo+ðe,ɐu+ladu+dɨ,ð,d,cont
beside,4095,al+laðo+ðe,ɐu+ladu+dɨ,ð,d,cont
beverage,4214,beβiða,bɨbidɐ,ð,d,cont
beverage,4214,beβiða,bɨbidɐ,β,b,cont
bird,4358,paxaɾo,pasɐɾu,x,s,"ant,cor,back,strid,hi"
bird,4372,aβe,avɨ,β,v,strid
bite,4426,moɾðɛɾ,muɾdeɾ,ð,d,cont
bitter,4476,amaɾɣo,ɐmaɾgu,ɣ,g,cont
bless,4616,bendeθiɾ,ɐbɐ̃ĩsuaɾ,d,s,"cont,voi,strid"
blink,4680,paɾpaðeaɾ,pɨʃtɐnɨʒaɾ,p,t,"cor,lab"
blink,4680,paɾpaðeaɾ,pɨʃtɐnɨʒaɾ,ð,n,"cont,nas,son"
blink,4680,paɾpaðeaɾ,pɨʃtɐnɨʒaɾ,ɾ,ʃ,"voi,ant,strid,hi,lo,son"
blink,4680,pɛstaɲeaɾ,pɨʃtɐnɨʒaɾ,s,ʃ,ant
blink,4680,pɛstaɲeaɾ,pɨʃtɐnɨʒaɾ,ɲ,n,"ant,cor,hi"
blister,4698,ampoʎa,bɔʎɐ,p,b,voi
blister,4698,ampoʎa,ẽpɔlɐ,ʎ,l,"ant,hi"
bloodvessel,4759,bena,vɐiɐ,b,v,"cont,strid"
boarmalepig,5001,xaβali,bɐʁɐ̃ũ,l,ʁ,"ant,cor,back,strid,son"
boarmalepig,5001,xaβali,bɐʁɐ̃ũ,β,b,cont
boarmalepig,5001,xaβali,vɐʁɐ̃ũ,l,ʁ,"ant,cor,back,strid,son"
boarmalepig,5001,xaβali,vɐʁɐ̃ũ,β,v,strid
boilofliquid,5207,ɛɾβiɾ,fɨɾveɾ,β,v,strid
book,5376,liβɾo,livɾu,β,v,strid
booty,5425,botin,piʎaʒɐ̃ĩ,b,p,voi
booty,5425,botin,piʎaʒɐ̃ĩ,n,ʒ,"cont,nas,ant,strid,son"
booty,5425,botin,piʎaʒɐ̃ĩ,t,ʎ,"cont,voi,ant,hi,son"
borrow,5504,peðiɾ+pɾɛstaðo,pɨdiɾ+ẽpɾɨʃtadu,s,ʃ,ant
borrow,5504,peðiɾ+pɾɛstaðo,pɨdiɾ+ẽpɾɨʃtadu,ð,d,cont
borrow,5504,peðiɾ+pɾɛstaðo,pɨdiɾ+ẽpɾɨʃtadu,ð,d,cont
boundary,5627,limite,fɾõtɐiɾɐ,l,f,"voi,cor,lab,strid,son"
boundary,5627,limite,fɾõtɐiɾɐ,t,ɾ,"cont,voi,hi,lo,son"
bowl,5684,taθon,bɐsiɐ,t,b,"voi,cor,lab"
bowl,5684,taθon,bɐsiɐ,θ,s,strid
bracelet,5775,bɾaθalɛte,bɾɐsɨlɛtɨ,θ,s,strid
bracelet,5775,bɾaθalɛte,pulˠsɐiɾɐ,b,p,voi
bracelet,5775,bɾaθalɛte,pulˠsɐiɾɐ,l,s,"voi,strid,son"
bracelet,5775,bɾaθalɛte,pulˠsɐiɾɐ,t,ɾ,"cont,voi,hi,lo,son"
bracelet,5775,bɾaθalɛte,pulˠsɐiɾɐ,θ,lˠ,"voi,hi,son"
bracelet,5775,pulsɛɾa,bɾɐsɨlɛtɨ,l,s,"voi,strid,son"
bracelet,5775,pulsɛɾa,bɾɐsɨlɛtɨ,p,b,voi
bracelet,5775,pulsɛɾa,bɾɐsɨlɛtɨ,s,l,"voi,strid,son"
bracelet,5775,pulsɛɾa,bɾɐsɨlɛtɨ,ɾ,t,"cont,voi,hi,lo,son"
bracelet,5775,pulsɛɾa,pulˠsɐiɾɐ,l,lˠ,hi
brackish,5800,saloβɾe,sɐlɔbɾɨ,β,b,cont
braid,5820,tɾenθaɾ,tɾɐ̃sɐ,θ,s,strid
brain,5852,θɛɾeβɾo,sɛɾɨbɾu,β,b,cont
brain,5852,θɛɾeβɾo,sɛɾɨbɾu,θ,s,strid
brain,5853,sesos,mjɔluʃ,s,j,"voi,ant,cor,strid,hi,son"
brain,5853,sesos,mjɔluʃ,s,l,"voi,strid,son"
brain,5853,sesos,mjɔluʃ,s,ʃ,ant
branchortwig,5890,rama,ʁɐmu,r,ʁ,"ant,cor,back,strid,hi,lo,son"
brassinstrumenthornortrumpet,5900,koɾnɛta,tɾõbɛtɐ,k,t,"ant,cor,back,hi"
brassinstrumenthornortrumpet,5900,koɾnɛta,tɾõbɛtɐ,n,b,"nas,cor,lab,son"
brassinstrumenthornortrumpet,5900,tɾompa,kuɾnɛtɐ,p,t,"cor,lab"
brassinstrumenthornortrumpet,5900,tɾompa,kuɾnɛtɐ,t,k,"ant,cor,back,hi"
brassinstrumenthornortrumpet,5900,tɾompa,tɾõbɛtɐ,m,b,"nas,son"
brassinstrumenthornortrumpet,5900,tɾompa,tɾõbɛtɐ,p,t,"cor,lab"
brassinstrumenthornortrumpet,5900,tɾompɛta,kuɾnɛtɐ,m,ɾ,"cont,nas,cor,lab,hi,lo"
brassinstrumenthornortrumpet,5900,tɾompɛta,kuɾnɛtɐ,p,n,"voi,nas,cor,lab,son"
brassinstrumenthornortrumpet,5900,tɾompɛta,kuɾnɛtɐ,t,k,"ant,cor,back,hi"
brassinstrumenthornortrumpet,5900,tɾompɛta,tɾõbɛtɐ,p,b,voi
brave,5940,baljente,kuɾɐʒɔzu,b,k,"voi,ant,lab,back,hi"
brave,5940,baljente,kuɾɐʒɔzu,l,ɾ,"hi,lo"
brave,5940,baljente,kuɾɐʒɔzu,t,z,"cont,voi,strid"
breakdestroyorgetdestroyed,6047,keβɾaɾ,kwɨbɾaɾ,β,b,cont
breakdestroyorgetdestroyed,6047,keβɾaɾ,ʁõpeɾ,k,ʁ,"cont,voi,strid,hi"
breakdestroyorgetdestroyed,6047,keβɾaɾ,ʁõpeɾ,β,p,"cont,voi"
breakfast,6092,desaʝuno,pɨkwɨnualˠmɔsu,d,p,"voi,cor,lab"
breakfast,6092,desaʝuno,pɨkwɨnualˠmɔsu,n,s,"cont,voi,nas,strid,son"
breakfast,6092,desaʝuno,pɨkwɨnualˠmɔsu,s,n,"cont,voi,nas,strid,son"
breakfast,6092,desaʝuno,pɨkwɨnualˠmɔsu,ʝ,lˠ,"ant,cor,son"
brick,6279,laðɾiʎo,tiʒɔlu,l,t,"cont,voi,son"
brick,6279,laðɾiʎo,tiʒɔlu,ð,ʒ,"ant,strid"
brick,6279,laðɾiʎo,tiʒɔlu,ʎ,l,"ant,hi"
bright,6334,bɾiʎante,klaɾu,b,k,"voi,ant,lab,back,hi"
bright,6334,bɾiʎante,klaɾu,n,ɾ,"cont,nas,hi,lo"
bright,6334,bɾiʎante,klaɾu,ʎ,l,"ant,hi"
broken,6415,keβɾaðo,kwɨbɾadu,ð,d,cont
broken,6415,keβɾaðo,kwɨbɾadu,β,b,cont
broken,6415,keβɾaðo,pɐɾtidu,k,p,"ant,lab,back,hi"
broken,6415,keβɾaðo,pɐɾtidu,ð,d,cont
broken,6415,keβɾaðo,pɐɾtidu,ɾ,t,"cont,voi,hi,lo,son"
broken,6415,keβɾaðo,pɐɾtidu,β,ɾ,"cor,lab,hi,lo,son"
bronzeorcopper,6428,bɾonθe,bɾõzɨ,θ,z,"voi,strid"
bronzeorcopper,6428,bɾonθe,kɔbɾɨ,b,k,"voi,ant,lab,back,hi"
bronzeorcopper,6428,bɾonθe,kɔbɾɨ,n,b,"nas,cor,lab,son"
bronzeorcopper,6428,bɾonθe,kɔbɾɨ,θ,ɾ,"voi,hi,lo,son"
bruise,6534,kontusjon,fɨɾimẽtu,k,f,"cont,ant,lab,back,strid,hi"
bruise,6534,kontusjon,fɨɾimẽtu,n,ɾ,"cont,nas,hi,lo"
bruise,6534,kontusjon,fɨɾimẽtu,s,m,"cont,voi,nas,cor,lab,strid,son"
bruise,6534,maɣuʎaðuɾa,fɨɾimẽtu,m,f,"cont,voi,nas,strid,son"
bruise,6534,maɣuʎaðuɾa,fɨɾimẽtu,ð,t,"cont,voi"
bruise,6534,maɣuʎaðuɾa,fɨɾimẽtu,ɣ,ɾ,"ant,cor,back,hi,lo,son"
bruise,6534,maɣuʎaðuɾa,fɨɾimẽtu,ʎ,m,"cont,nas,ant,cor,lab,hi"
brush,6551,θepiʎo,ʃkɔvɐ,p,k,"ant,lab,back,hi"
brush,6551,θepiʎo,ʃkɔvɐ,ʎ,v,"ant,cor,lab,strid,hi,son"
brush,6551,θepiʎo,ʃkɔvɐ,θ,ʃ,"ant,strid"
build,6624,konstɾwiɾ,kõʃtɾuiɾ,s,ʃ,ant
bunch,6717,raθimo,ʁɐmu,θ,ʁ,"voi,ant,cor,back,strid"
bury,6851,sepultaɾ,ẽtɨʁaɾ,p,t,"cor,lab"
bury,6851,sepultaɾ,ẽtɨʁaɾ,t,ʁ,"cont,voi,ant,cor,back,strid"
butter,6900,manteka,mɐ̃tɐigɐ,k,g,voi
butter,6900,mantekiʎa,mɐ̃tɐigɐ,k,g,voi
butterfly,6933,maɾiposa,buɾbulɛtɐ,m,b,"nas,son"
butterfly,6933,maɾiposa,buɾbulɛtɐ,p,l,"cont,voi,cor,lab,son"
butterfly,6933,maɾiposa,buɾbulɛtɐ,s,t,"cont,strid"
buttocks,6986,tɾasɛɾo,nadɨgɐʃ,t,n,"voi,nas,son"
calf,7164,beθɛro,bɨzɛʁu,r,ʁ,"ant,cor,back,strid,hi,lo,son"
calf,7164,beθɛro,bɨzɛʁu,θ,z,"voi,strid"
call,7191,ʎamaɾ,ʃɐmaɾ,ʎ,ʃ,"voi,strid,hi,son"
callbyname,7258,ʎamaɾse,numiaɾ,s,ɾ,"voi,strid,hi,lo,son"
callbyname,7258,ʎamaɾse,numiaɾ,ʎ,n,"cont,nas,ant,hi"
callbyname,7258,ʎamaɾse,ʃɐmaɾsɨ,ʎ,ʃ,"voi,strid,hi,son"
calmofsea,7306,kalma,kalˠmɐ,l,lˠ,hi
calmofsea,7306,kalma,kalˠmɐɾiɐ,l,lˠ,hi
camel,7317,kameʎo,kɐmɛlu,ʎ,l,"ant,hi"
candle,7382,bela,vɛlɐ,b,v,"cont,strid"
cannonorgun,7426,kaɲon,aɾmɐ,ɲ,m,"ant,lab,hi"
cannonorgun,7426,kaɲon,piʃtɔlɐ,k,p,"ant,lab,back,hi"
cannonorgun,7426,kaɲon,piʃtɔlɐ,n,l,"cont,nas"
cannonorgun,7426,kaɲon,piʃtɔlɐ,ɲ,t,"voi,nas,ant,cor,hi,son"
cannonorgun,7426,ɛskopɛta,aɾmɐ,p,m,"voi,nas,son"
cannonorgun,7426,ɛskopɛta,aɾmɐ,s,ɾ,"voi,strid,hi,lo,son"
cannonorgun,7426,ɛskopɛta,kɐɲɐ̃ũ,t,ɲ,"voi,nas,ant,cor,hi,son"
cannonorgun,7426,ɛskopɛta,piʃtɔlɐ,p,t,"cor,lab"
cannonorgun,7426,ɛskopɛta,piʃtɔlɐ,s,p,"cont,cor,lab,strid"
cannonorgun,7426,ɛskopɛta,piʃtɔlɐ,t,l,"cont,voi,son"
cape,7447,punta,kabu,p,k,"ant,lab,back,hi"
cape,7447,punta,kabu,t,b,"voi,cor,lab"
cape,7447,punta,pɾumõtɔɾju,n,m,"cor,lab"
cape,7447,pɾomontoɾjo,kabu,m,b,"nas,son"
cape,7447,pɾomontoɾjo,kabu,p,k,"ant,lab,back,hi"
carry,7510,kaɾɣaɾ,lɨvaɾ,k,l,"cont,voi,ant,cor,back,hi,son"
carry,7510,kaɾɣaɾ,lɨvaɾ,ɣ,v,"ant,lab,back,strid,hi"
carry,7510,ʎeβaɾ,lɨvaɾ,ʎ,l,"ant,hi"
carry,7510,ʎeβaɾ,lɨvaɾ,β,v,strid
carryinhand,7561,ʎeβaɾ+en+la+mano,lɨvaɾ+na+mɐ̃ũ,ʎ,l,"ant,hi"
carryinhand,7561,ʎeβaɾ+en+la+mano,lɨvaɾ+na+mɐ̃ũ,β,v,strid
carryonhead,7581,ʎeβaɾ+soβɾe+la+kaβeθa,lɨvaɾ+na+kɐbɛsɐ,l,n,"cont,nas"
carryonhead,7581,ʎeβaɾ+soβɾe+la+kaβeθa,lɨvaɾ+na+kɐbɛsɐ,ʎ,l,"ant,hi"
carryonhead,7581,ʎeβaɾ+soβɾe+la+kaβeθa,lɨvaɾ+na+kɐbɛsɐ,β,b,cont
carryonhead,7581,ʎeβaɾ+soβɾe+la+kaβeθa,lɨvaɾ+na+kɐbɛsɐ,β,v,strid
carryonhead,7581,ʎeβaɾ+soβɾe+la+kaβeθa,lɨvaɾ+na+kɐbɛsɐ,θ,s,strid
carryonshoulder,7600,ʎeβaɾ+a+la+ɛspalda,lɨvaɾ+nu+õbɾu,l,n,"cont,nas"
carryonshoulder,7600,ʎeβaɾ+a+la+ɛspalda,lɨvaɾ+nu+õbɾu,l,ɾ,"hi,lo"
carryonshoulder,7600,ʎeβaɾ+a+la+ɛspalda,lɨvaɾ+nu+õbɾu,p,b,voi
carryonshoulder,7600,ʎeβaɾ+a+la+ɛspalda,lɨvaɾ+nu+õbɾu,ʎ,l,"ant,hi"
carryonshoulder,7600,ʎeβaɾ+a+la+ɛspalda,lɨvaɾ+nu+õbɾu,β,v,strid
carryunderarm,7613,ʎeβaɾ+βaxo+ɛl+βɾaθo,lɨvaɾ+dɨbaiʃu+du+bɾasu,x,ʃ,"cor,back,strid,hi"
carryunderarm,7613,ʎeβaɾ+βaxo+ɛl+βɾaθo,lɨvaɾ+dɨbaiʃu+du+bɾasu,ʎ,l,"ant,hi"
carryunderarm,7613,ʎeβaɾ+βaxo+ɛl+βɾaθo,lɨvaɾ+dɨbaiʃu+du+bɾasu,β,b,cont
carryunderarm,7613,ʎeβaɾ+βaxo+ɛl+βɾaθo,lɨvaɾ+dɨbaiʃu+du+bɾasu,β,d,"cont,cor,lab"
carryunderarm,7613,ʎeβaɾ+βaxo+ɛl+βɾaθo,lɨvaɾ+dɨbaiʃu+du+bɾasu,β,v,strid
carryunderarm,7613,ʎeβaɾ+βaxo+ɛl+βɾaθo,lɨvaɾ+dɨbaiʃu+du+bɾasu,θ,s,strid
cart,7626,karo,kɐʁwaʒɐ̃ĩ,r,ʁ,"ant,cor,back,strid,hi,lo,son"
cart,7626,karo,kɐʁɔsɐ,r,s,"voi,strid,hi,lo,son"
cart,7626,karɛton,kɐʁwaʒɐ̃ĩ,r,ʁ,"ant,cor,back,strid,hi,lo,son"
cart,7626,karɛton,kɐʁɔsɐ,r,ʁ,"ant,cor,back,strid,hi,lo,son"
cart,7626,karɛton,kɐʁɔsɐ,t,s,"cont,strid"
carve,7669,ɛskulpiɾ,ʃkulˠpiɾ,l,lˠ,hi
carve,7669,ɛskulpiɾ,ʃkulˠpiɾ,s,ʃ,ant
cattle,7779,ganaðo,gadu,ð,d,cont
cave,7857,kweβa,kɐvɛɾnɐ,w,v,"ant,back,round,strid,hi,son"
cave,7857,kweβa,kɐvɛɾnɐ,β,n,"cont,nas,cor,lab,son"
centerormiddle,7994,meðjo,sẽtɾu,j,ɾ,"ant,cor,hi,lo"
centerormiddle,7994,meðjo,sẽtɾu,m,s,"cont,voi,nas,cor,lab,strid,son"
centerormiddle,7994,meðjo,sẽtɾu,ð,t,"cont,voi"
centerormiddle,7994,θentɾo,mɐiu,n,m,"cor,lab"
centerormiddle,7994,θentɾo,sẽtɾu,θ,s,strid
centipede,8007,θjempjes,sẽtupɐiɐ,θ,s,strid
certain,8013,θjɛɾto,sɛɾtu,θ,s,strid
certain,8013,θjɛɾto,sɨguɾu,t,ɾ,"cont,voi,hi,lo,son"
certain,8013,θjɛɾto,sɨguɾu,θ,s,strid
change,8119,muðaɾ,mudaɾ,ð,d,cont
charcoal,8208,kaɾβon,kɐɾvɐ̃ũ,β,v,strid
cheese,8342,keso,kwɐiʒu,s,ʒ,"voi,ant"
chew,8374,maskaɾ,mɐʃkaɾ,s,ʃ,ant
chew,8374,maskaɾ,mɐʃtigaɾ,k,g,voi
chew,8374,maskaɾ,mɐʃtigaɾ,s,t,"cont,strid"
chew,8374,mastikaɾ,mɐʃkaɾ,s,ʃ,ant
chew,8374,mastikaɾ,mɐʃtigaɾ,k,g,voi
chew,8374,mastikaɾ,mɐʃtigaɾ,s,ʃ,ant
chicken,8407,poʎo,fɾɐ̃gu,p,f,"cont,strid"
chicken,8407,poʎo,fɾɐ̃gu,ʎ,g,"cont,cor,back,son"
childdescendant,8496,ixa,pɾɔlɨ,x,l,"voi,ant,cor,back,hi,son"
childdescendant,8496,ixo,pɾɔlɨ,x,l,"voi,ant,cor,back,hi,son"
childyounghuman,8512,niɲo,mɨninu,ɲ,n,"ant,cor,hi"
choose,8729,ɛskoxɛɾ,ʃkuʎeɾ,s,ʃ,ant
choose,8729,ɛskoxɛɾ,ʃkuʎeɾ,x,ʎ,"voi,cor,back,son"
chop,8773,pikaɾ,koɾtaɾ,k,t,"ant,cor,back,hi"
chop,8773,pikaɾ,koɾtaɾ,p,k,"ant,lab,back,hi"
chop,8773,pikaɾ,ɐbɐteɾ,k,t,"ant,cor,back,hi"
chop,8773,pikaɾ,ɐbɐteɾ,p,b,voi
circle,8863,θiɾkulo,siɾkulu,θ,s,strid
citizen,8925,suβðito,sidɐdɐ̃ũ,t,d,voi
citizen,8925,suβðito,sidɐdɐ̃ũ,ð,d,cont
citizen,8925,suβðito,suditu,ð,d,cont
citizen,8925,θjuðaðano,sidɐdɐ̃ũ,n,d,"nas,son"
citizen,8925,θjuðaðano,sidɐdɐ̃ũ,ð,d,cont
citizen,8925,θjuðaðano,sidɐdɐ̃ũ,θ,s,strid
citizen,8925,θjuðaðano,suditu,n,t,"voi,nas,son"
citizen,8925,θjuðaðano,suditu,ð,d,cont
citizen,8925,θjuðaðano,suditu,θ,s,strid
clan,8947,tɾiβu,tɾibu,β,b,cont
claw,8993,gara,gaʁɐ,r,ʁ,"ant,cor,back,strid,hi,lo,son"
clay,9026,aɾθiʎa,ɐɾʒilɐ,ʎ,l,"ant,hi"
clay,9026,aɾθiʎa,ɐɾʒilɐ,θ,ʒ,"voi,ant,strid"
clear,9172,eβiðente,ividẽtɨ,ð,d,cont
clear,9172,eβiðente,ividẽtɨ,β,v,strid
clear,9172,eβiðente,klaɾu,n,ɾ,"cont,nas,hi,lo"
clear,9172,eβiðente,klaɾu,ð,l,son
clear,9172,eβiðente,klaɾu,β,k,"cont,voi,ant,lab,back,hi"
clear,9172,klaɾo,ividẽtɨ,k,v,"cont,voi,ant,lab,back,strid,hi"
clear,9172,klaɾo,ividẽtɨ,l,d,"cont,son"
clear,9172,klaɾo,ividẽtɨ,ɾ,t,"cont,voi,hi,lo,son"
clever,9222,kapaθ,ʃpɛɾtu,k,ʃ,"cont,cor,back,strid,hi"
clever,9222,kapaθ,ʃpɛɾtu,θ,t,cont
cloak,9302,kapa,mɐ̃tu,k,m,"voi,nas,ant,lab,back,hi,son"
cloak,9302,kapa,mɐ̃tu,p,t,"cor,lab"
cloak,9302,manta,kapɐ,m,k,"voi,nas,ant,lab,back,hi,son"
cloak,9302,manta,kapɐ,t,p,"cor,lab"
cloth,9390,tela,pɐnu,l,n,"cont,nas"
cloth,9390,tela,pɐnu,t,p,"cor,lab"
clothes,9476,ropa,ʁopɐ,r,ʁ,"ant,cor,back,strid,hi,lo,son"
club,9511,garote,kɐsɛtɨ,g,k,voi
club,9511,garote,kɐsɛtɨ,r,s,"voi,strid,hi,lo,son"
club,9511,garote,puʁɛtɨ,g,p,"voi,ant,lab,back,hi"
club,9511,garote,puʁɛtɨ,r,ʁ,"ant,cor,back,strid,hi,lo,son"
coat,9578,aβɾiɣo,kɐzaku,ɣ,k,"cont,voi"
coat,9578,aβɾiɣo,kɐzaku,ɾ,z,"strid,hi,lo,son"
coat,9578,sako,kɐzaku,s,z,voi
coin,9631,moneða,muɛdɐ,ð,d,cont
collar,9750,kweʎo,kulɐɾiɲu,ʎ,ɾ,"ant,hi,lo"
collarbone,9796,klaβikula,klɐvikulɐ,β,v,strid
comb,9864,peine,pẽtɨ,n,t,"voi,nas,son"
come,9920,beniɾ,viɾ,b,v,"cont,strid"
comeback,9955,reɣɾesaɾ,ʁɨgɾɨsaɾ,r,ʁ,"ant,cor,back,strid,hi,lo,son"
comeback,9955,reɣɾesaɾ,ʁɨgɾɨsaɾ,ɣ,g,cont
comeback,9967,bolβɛɾ,vɔlˠtaɾ,b,v,"cont,strid"
comeback,9967,bolβɛɾ,vɔlˠtaɾ,l,lˠ,hi
comeback,9967,bolβɛɾ,vɔlˠtaɾ,β,t,"cont,voi,cor,lab"
command,10016,oɾðenaɾ,mɐ̃daɾ,n,d,"nas,son"
command,10016,oɾðenaɾ,mɐ̃daɾ,ð,m,"cont,nas,cor,lab,son"
commoncolddisease,10039,kataro,gɾipɨ,k,g,voi
commoncolddisease,10039,kataro,gɾipɨ,r,p,"cont,voi,cor,lab,hi,lo,son"
commoncolddisease,10039,kataro,gɾipɨ,t,ɾ,"cont,voi,hi,lo,son"
commoncolddisease,10039,kataro,ʁɨʃfɾjadu,k,ʁ,"cont,voi,strid,hi"
commoncolddisease,10039,kataro,ʁɨʃfɾjadu,r,d,"cont,hi,lo,son"
commoncolddisease,10039,kataro,ʁɨʃfɾjadu,t,ʃ,"cont,ant,strid"
commoncolddisease,10039,rɛsfɾjaðo,gɾipɨ,f,g,"cont,voi,ant,lab,back,strid,hi"
commoncolddisease,10039,rɛsfɾjaðo,gɾipɨ,ð,p,"cont,voi,cor,lab"
commoncolddisease,10039,rɛsfɾjaðo,ʁɨʃfɾjadu,r,ʁ,"ant,cor,back,strid,hi,lo,son"
commoncolddisease,10039,rɛsfɾjaðo,ʁɨʃfɾjadu,s,ʃ,ant
commoncolddisease,10039,rɛsfɾjaðo,ʁɨʃfɾjadu,ð,d,cont
conceive,10099,konθeβiɾ,kõsɨbeɾ,β,b,cont
conceive,10099,konθeβiɾ,kõsɨbeɾ,θ,s,strid
convict,10228,kondenaɾ,sẽtẽsjaɾ,k,s,"cont,ant,cor,back,strid,hi"
convict,10228,kondenaɾ,sẽtẽsjaɾ,n,j,"cont,nas,ant,cor,hi"
convict,10228,kondenaɾ,sẽtẽsjaɾ,n,t,"voi,nas,son"
cooked,10247,koθinaðo,kuzidu,ð,d,cont
cooked,10247,koθinaðo,kuzidu,θ,z,"voi,strid"
cooked,10247,koθinaðo,kuziɲadu,n,ɲ,"ant,cor,hi"
cooked,10247,koθinaðo,kuziɲadu,ð,d,cont
cooked,10247,koθinaðo,kuziɲadu,θ,z,"voi,strid"
cooked,10247,koθiðo,kuzidu,ð,d,cont
cooked,10247,koθiðo,kuzidu,θ,z,"voi,strid"
cooked,10247,koθiðo,kuziɲadu,ð,d,cont
cooked,10247,koθiðo,kuziɲadu,θ,z,"voi,strid"
cookhouse,10267,koθina,kuziɲɐ,n,ɲ,"ant,cor,hi"
cookhouse,10267,koθina,kuziɲɐ,θ,z,"voi,strid"
cookingpot,10294,oʎa,pɐnɛlɐ,ʎ,l,"ant,hi"
copulate,10387,tenɛɾ+relaθjones+sɛkswales,teɾ+ʁɨlɐsõĩʃ+sɨkswaiʃ,r,ʁ,"ant,cor,back,strid,hi,lo,son"
copulate,10387,tenɛɾ+relaθjones+sɛkswales,teɾ+ʁɨlɐsõĩʃ+sɨkswaiʃ,s,ʃ,ant
copulate,10387,tenɛɾ+relaθjones+sɛkswales,teɾ+ʁɨlɐsõĩʃ+sɨkswaiʃ,s,ʃ,ant
copulate,10387,tenɛɾ+relaθjones+sɛkswales,teɾ+ʁɨlɐsõĩʃ+sɨkswaiʃ,θ,s,strid
corner,10431,rinkon,skinɐ,k,n,"voi,nas,ant,cor,back,hi,son"
corner,10431,rinkon,skinɐ,r,s,"voi,strid,hi,lo,son"
corner,10435,ɛskina,kɐ̃tu,n,t,"voi,nas,son"
corpse,10479,kaðaβɛɾ,kɐdavɨɾ,ð,d,cont
corpse,10479,kaðaβɛɾ,kɐdavɨɾ,β,v,strid
country,10688,pais,pɐiʃ,s,ʃ,ant
court,10733,tɾiβunal,tɾibunalˠ,l,lˠ,hi
court,10733,tɾiβunal,tɾibunalˠ,β,b,cont
cow,10817,baka,vakɐ,b,v,"cont,strid"
crawlorcreep,10922,gateaɾ,ɐʁɐʃtaɾsɨ,g,ʁ,"cont,strid,hi"
crawlorcreep,10922,gateaɾ,ɐʁɐʃtaɾsɨ,t,ʃ,"cont,ant,strid"
crawlorcreep,10922,gateaɾ,ʁɐʃtɨʒaɾ,g,ʁ,"cont,strid,hi"
crooked,11022,toɾθiðo,tuɾsidu,ð,d,cont
crooked,11022,toɾθiðo,tuɾsidu,θ,s,strid
crooked,11022,toɾθiðo,tɔɾtu,θ,t,cont
cross,11053,kɾuθ,kɾuʃ,θ,ʃ,"ant,strid"
crouch,11097,aɣatʃaɾse,ɐgɐʃaɾsɨ,ɣ,g,cont
crow,11136,kwɛɾβo,kɔɾvu,β,v,strid
cry,11237,ʎoɾaɾ,ʃuɾaɾ,ʎ,ʃ,"voi,strid,hi,son"
cultivate,11303,laβɾaɾ,kulˠtivaɾ,l,k,"cont,voi,ant,cor,back,hi,son"
cultivate,11303,laβɾaɾ,kulˠtivaɾ,ɾ,t,"cont,voi,hi,lo,son"
cultivate,11303,laβɾaɾ,kulˠtivaɾ,β,lˠ,"cor,lab,hi,son"
cup,11344,kopa,ʃikɐɾɐ,p,ɾ,"cont,voi,cor,lab,hi,lo,son"
cup,11344,taθa,ʃikɐɾɐ,t,ʃ,"cont,ant,strid"
cup,11344,taθa,ʃikɐɾɐ,θ,ɾ,"voi,hi,lo,son"
cure,11396,kuɾaɾ,sɐɾaɾ,k,s,"cont,ant,cor,back,strid,hi"
cure,11396,sanaɾ,sɐɾaɾ,n,ɾ,"cont,nas,hi,lo"
curse,11448,maldeθiɾ,ɐmalˠdisuaɾ,l,lˠ,hi
curse,11448,maldeθiɾ,ɐmalˠdisuaɾ,θ,s,strid
custom,11485,kostumbɾe,kuʃtumɨ,s,ʃ,ant
cutdown,11542,talaɾ,dɨʁubaɾ,l,b,"cont,cor,lab,son"
cutdown,11542,talaɾ,dɨʁubaɾ,t,d,voi
damageorinjure,11630,daɲaɾ,dɐnifikaɾ,ɲ,k,"voi,nas,back,son"
damageorinjure,11630,daɲaɾ,fɨɾiɾ,d,f,"cont,voi,cor,lab,strid"
damageorinjure,11630,daɲaɾ,fɨɾiɾ,ɲ,ɾ,"cont,nas,ant,cor,hi,lo"
damageorinjure,11630,daɲaɾ,ʃtɾɐgaɾ,d,t,voi
damageorinjure,11630,daɲaɾ,ʃtɾɐgaɾ,ɲ,g,"nas,back,son"
dance,11692,bailaɾ,dɐ̃saɾ,b,d,"cor,lab"
dance,11692,bailaɾ,dɐ̃saɾ,l,s,"voi,strid,son"
dandruff,11741,kaspa,kaʃpɐ,s,ʃ,ant
danger,11751,peliɣɾo,pɨɾigu,l,ɾ,"hi,lo"
danger,11751,peliɣɾo,pɨɾigu,ɣ,g,cont
darkness,11865,tinjeβlas,ʃkuɾidɐ̃ũ,j,ɾ,"ant,cor,hi,lo"
darkness,11865,tinjeβlas,ʃkuɾidɐ̃ũ,l,d,"cont,son"
darkness,11865,tinjeβlas,ʃkuɾidɐ̃ũ,t,ʃ,"cont,ant,strid"
dawn,11995,amaneθɛɾ,ɐmɐɲɨseɾ,n,ɲ,"ant,cor,hi"
dawn,11995,amaneθɛɾ,ɐmɐɲɨseɾ,θ,s,strid
dawn,12004,maðɾuɣaða,alˠvuɾadɐ,ð,d,cont
dawn,12004,maðɾuɣaða,alˠvuɾadɐ,ð,lˠ,"hi,son"
dawn,12004,maðɾuɣaða,alˠvuɾadɐ,ɣ,ɾ,"ant,cor,back,hi,lo,son"
dawn,12004,maðɾuɣaða,alˠvuɾadɐ,ɾ,v,"cor,lab,strid,hi,lo,son"
deaf,12091,soɾðo,suɾdu,ð,d,cont
deceit,12208,engaɲo,ẽgɐnu,ɲ,n,"ant,cor,hi"
deer,12328,benaðo,viadu,b,v,"cont,strid"
deer,12328,benaðo,viadu,ð,d,cont
deer,12328,θjɛɾβo,viadu,β,d,"cont,cor,lab"
deer,12328,θjɛɾβo,viadu,θ,v,"voi,cor,lab,strid"
defeat,12351,dɛrota,dɨʁɔtɐ,r,ʁ,"ant,cor,back,strid,hi,lo,son"
defendant,12403,akusaðo,ɐkuzadu,s,z,voi
defendant,12403,akusaðo,ɐkuzadu,ð,d,cont
descendants,12547,desendjentes,dɨʃsẽdẽtɨʃ,s,ʃ,ant
descendants,12547,desendjentes,dɨʃsẽdẽtɨʃ,s,ʃ,ant
destroy,12569,dɛstɾwiɾ,dɨʃtɾuiɾ,s,ʃ,ant
dew,12635,roθio,oɾvaʎu,r,ɾ,
difficult,12798,difiθil,difisilˠ,l,lˠ,hi
difficult,12798,difiθil,difisilˠ,θ,s,strid
dig,12827,kaβaɾ,kɐvaɾ,β,v,strid
dig,12827,kaβaɾ,ʃkɐvaɾ,β,v,strid
dig,12827,ɛskaβaɾ,kɐvaɾ,β,v,strid
dig,12827,ɛskaβaɾ,ʃkɐvaɾ,s,ʃ,ant
dig,12827,ɛskaβaɾ,ʃkɐvaɾ,β,v,strid
dinnersupper,12900,θena,ʒɐ̃taɾ,n,t,"voi,nas,son"
dinnersupper,12900,θena,ʒɐ̃taɾ,θ,ʒ,"voi,ant,strid"
dirty,12980,suθjo,suʒu,θ,ʒ,"voi,ant,strid"
disappear,13007,desapaɾeθɛɾ,dɨzɐpɐɾɨseɾ,s,z,voi
disappear,13007,desapaɾeθɛɾ,dɨzɐpɐɾɨseɾ,θ,s,strid
dish,13104,fwente,pɾatu,f,p,"cont,strid"
dish,13104,fwente,pɾatu,w,ɾ,"ant,cor,lab,back,round,hi,lo"
dish,13104,plato,pɾatu,l,ɾ,"hi,lo"
ditch,13205,θanxa,fɔsu,n,s,"cont,voi,nas,strid,son"
ditch,13205,θanxa,fɔsu,θ,f,"cor,lab,strid"
ditch,13205,θanxa,valɐ,n,l,"cont,nas"
ditch,13205,θanxa,valɐ,θ,v,"voi,cor,lab,strid"
divide,13310,diβiðiɾ,dividiɾ,ð,d,cont
divide,13310,diβiðiɾ,dividiɾ,β,v,strid
divorce,13358,diβoɾθjo,divɔɾsju,β,v,strid
divorce,13358,diβoɾθjo,divɔɾsju,θ,s,strid
dog,13402,pɛro,kɐʃɔʁu,p,k,"ant,lab,back,hi"
dog,13402,pɛro,kɐʃɔʁu,r,ʃ,"voi,ant,strid,hi,lo,son"
dog,13402,pɛro,kɐ̃ũ,p,k,"ant,lab,back,hi"
dolphin,13470,dɛlfin,dɛlˠfĩ,l,lˠ,hi
dolphin,13470,dɛlfin,gɔlˠfiɲu,d,g,"ant,cor,back,hi"
dolphin,13470,dɛlfin,gɔlˠfiɲu,l,lˠ,hi
dolphin,13470,dɛlfin,gɔlˠfiɲu,n,ɲ,"ant,cor,hi"
donkey,13490,asno,aʒnu,s,ʒ,"voi,ant"
donkey,13490,asno,buʁu,n,ʁ,"cont,nas,ant,cor,back,strid,son"
donkey,13490,buro,aʒnu,r,n,"cont,nas,hi,lo"
donkey,13490,buro,buʁu,r,ʁ,"ant,cor,back,strid,hi,lo,son"
doormake,13555,aθɛɾ,fɐzeɾ,θ,z,"voi,strid"
doorpost,13580,xamba+ðe+pwɛɾta,õbɾɐiɾɐ+dɐ+pɔɾtɐ,b,ɾ,"cont,cor,lab,hi,lo,son"
doorpost,13580,xamba+ðe+pwɛɾta,õbɾɐiɾɐ+dɐ+pɔɾtɐ,m,ɾ,"cont,nas,cor,lab,hi,lo"
doorpost,13580,xamba+ðe+pwɛɾta,õbɾɐiɾɐ+dɐ+pɔɾtɐ,ð,d,cont
dove,13643,paloma,põbɐ,m,b,"nas,son"
downorbelow,13696,aβaxo,dɨbaiʃu,x,ʃ,"cor,back,strid,hi"
downorbelow,13696,aβaxo,dɨbaiʃu,β,b,cont
downorbelow,13696,aβaxo,ɐbaiʃu,x,ʃ,"cor,back,strid,hi"
downorbelow,13696,aβaxo,ɐbaiʃu,β,b,cont
downorbelow,13696,baxo,dɨbaiʃu,b,d,"cor,lab"
downorbelow,13696,baxo,dɨbaiʃu,x,ʃ,"cor,back,strid,hi"
downorbelow,13696,baxo,ɐbaiʃu,x,ʃ,"cor,back,strid,hi"
downorbelow,13696,deβaxo,dɨbaiʃu,x,ʃ,"cor,back,strid,hi"
downorbelow,13696,deβaxo,dɨbaiʃu,β,b,cont
downorbelow,13696,deβaxo,ɐbaiʃu,x,ʃ,"cor,back,strid,hi"
downorbelow,13696,deβaxo,ɐbaiʃu,β,b,cont
drawmilk,13744,oɾðeɲaɾ,oɾdɨɲaɾ,ð,d,cont
dress,13832,bɛstiðo,vɨʃtidu,b,v,"cont,strid"
dress,13832,bɛstiðo,vɨʃtidu,s,ʃ,ant
dress,13832,bɛstiðo,vɨʃtidu,ð,d,cont
drink,13901,beβɛɾ,tumaɾ,b,t,"voi,cor,lab"
drink,13901,beβɛɾ,tumaɾ,β,m,"cont,nas,son"
dripemitliquid,13953,goteaɾ,ʃkuʁeɾ,g,ʃ,"cont,voi,cor,back,strid,hi"
dripemitliquid,13953,ɛskuriɾ,gutɨʒaɾ,k,t,"ant,cor,back,hi"
dripemitliquid,13953,ɛskuriɾ,gutɨʒaɾ,r,ʒ,"ant,strid,hi,lo,son"
dripemitliquid,13953,ɛskuriɾ,ʃkuʁeɾ,r,ʁ,"ant,cor,back,strid,hi,lo,son"
dripemitliquid,13953,ɛskuriɾ,ʃkuʁeɾ,s,ʃ,ant
dropsomething,14077,dexaɾ+kaɛɾ,dɐiʃaɾ+kɐiɾ,x,ʃ,"cor,back,strid,hi"
drowned,14106,aoɣaðo,ɐfugadu,ð,d,cont
drowned,14106,aoɣaðo,ɐfugadu,ɣ,g,cont
drum,14113,bombo,tɐ̃bɔɾ,b,t,"voi,cor,lab"
drum,14113,bombo,tɐ̃bɔɾ,m,b,"nas,son"
drunk,14149,embɾjaɣaðo,ẽbɾjɐgadu,ð,d,cont
drunk,14149,embɾjaɣaðo,ẽbɾjɐgadu,ɣ,g,cont
drunk,14149,eβɾjo,ẽbɾjɐgadu,β,b,cont
earlobe,14528,loβulo,lɔbulu,β,b,cont
earn,14567,ganaɾ,gɐɲaɾ,n,ɲ,"ant,cor,hi"
earring,14588,aɾɛte,bɾĩku,t,k,"ant,cor,back,hi"
earring,14588,pendjente,bɾĩku,d,ɾ,"cont,hi,lo,son"
earring,14588,pendjente,bɾĩku,p,b,voi
earring,14588,pendjente,bɾĩku,t,k,"ant,cor,back,hi"
earthquake,14612,tembloɾ,tɨʁɨmɔtu,l,m,"cont,nas,cor,lab"
earthquake,14612,tembloɾ,tɨʁɨmɔtu,m,ʁ,"cont,nas,ant,lab,back,strid,son"
earthquake,14612,tembloɾ,tɨʁɨmɔtu,ɾ,t,"cont,voi,hi,lo,son"
earthquake,14612,tɛremoto,tɨʁɨmɔtu,r,ʁ,"ant,cor,back,strid,hi,lo,son"
earwax,14680,θɛɾumen,sɛɾɐ,θ,s,strid
earwax,14680,θɛɾumen,sɨɾumɨ,θ,s,strid
east,14701,leβante,lɛʃtɨ,β,ʃ,"voi,ant,cor,lab,strid"
east,14701,leβante,ʃtɨ,β,ʃ,"voi,ant,cor,lab,strid"
east,14701,ɛste,lɛʃtɨ,s,ʃ,ant
east,14701,ɛste,ʃtɨ,s,ʃ,ant
easy,14765,faθil,fasilˠ,l,lˠ,hi
easy,14765,faθil,fasilˠ,θ,s,strid
edge,14837,boɾðe,bɔɾdɐ,ð,d,cont
edge,14837,maɾxen,bɐiɾɐ,m,b,"nas,son"
edge,14837,maɾxen,bɔɾdɐ,m,b,"nas,son"
edge,14837,maɾxen,bɔɾdɐ,x,d,"cont,voi,ant,cor,back,hi"
edge,14837,oɾiʎa,bɐiɾɐ,ɾ,b,"cont,cor,lab,hi,lo,son"
edge,14837,oɾiʎa,bɐiɾɐ,ʎ,ɾ,"ant,hi,lo"
edge,14837,oɾiʎa,bɔɾdɐ,ʎ,d,"cont,ant,hi,son"
egg,14866,weβo,ɔvu,β,v,strid
elbow,14991,koðo,kutuvɛlu,ð,l,son
eleven,15109,onθe,õzɨ,θ,z,"voi,strid"
elforfairy,15141,aða,fadɐ,ð,d,cont
embers,15206,bɾasas,bɾazɐʃ,s,z,voi
embers,15206,bɾasas,bɾazɐʃ,s,ʃ,ant
embrace,15243,aβɾaθaɾ,ɐbɾɐsaɾ,β,b,cont
embrace,15243,aβɾaθaɾ,ɐbɾɐsaɾ,θ,s,strid
endofspace,15335,ɛstɾemo,iʃtɾɨmidadɨ,s,ʃ,ant
enemy,15467,enemiɣo,inimigu,ɣ,g,cont
envy,15613,embiðja,siumɨ,b,s,"cont,voi,cor,lab,strid"
envy,15613,embiðja,siumɨ,j,m,"cont,nas,ant,lab,hi"
envy,15613,embiðja,ĩvɐʒɐ,b,v,"cont,strid"
envy,15613,embiðja,ĩvɐʒɐ,ð,ʒ,"ant,strid"
evening,15676,bispɛɾas,noitɨ,b,n,"nas,cor,lab,son"
evening,15676,bispɛɾas,noitɨ,s,t,"cont,strid"
evening,15676,bispɛɾas,tɐɾdiɲɐ,b,t,"voi,cor,lab"
evening,15676,bispɛɾas,tɐɾdiɲɐ,p,d,"voi,cor,lab"
evening,15676,bispɛɾas,tɐɾdiɲɐ,s,ɾ,"voi,strid,hi,lo,son"
evening,15676,bispɛɾas,tɐɾdiɲɐ,ɾ,ɲ,"cont,nas,ant,cor,hi,lo"
ewe,15758,oβexa,ovɐʎɐ,x,ʎ,"voi,cor,back,son"
ewe,15758,oβexa,ovɐʎɐ,β,v,strid
explain,15829,ɛsplikaɾ,iʃplikaɾ,s,ʃ,ant
eye,15885,oxo,ɔʎu,x,ʎ,"voi,cor,back,son"
eyebrow,15926,θexa,subɾɐ̃sɐʎɐ,x,ʎ,"voi,cor,back,son"
eyebrow,15926,θexa,subɾɐ̃sɐʎɐ,θ,s,strid
eyelash,15938,pɛstaɲa,pɨʃtɐnɐ,s,ʃ,ant
eyelash,15938,pɛstaɲa,pɨʃtɐnɐ,ɲ,n,"ant,cor,hi"
eyelid,15964,paɾpaðo,palˠpɨbɾɐ,ð,b,"cont,cor,lab"
eyelid,15964,paɾpaðo,palˠpɨbɾɐ,ɾ,lˠ,"hi,lo"
face,16031,kaɾa,ʁɔʃtu,k,ʁ,"cont,voi,strid,hi"
face,16031,kaɾa,ʁɔʃtu,ɾ,t,"cont,voi,hi,lo,son"
fanaction,16237,aβanikaɾ,vẽtilaɾ,k,l,"cont,voi,ant,cor,back,hi,son"
fanaction,16237,aβanikaɾ,vẽtilaɾ,n,t,"voi,nas,son"
fanaction,16237,aβanikaɾ,vẽtilaɾ,β,v,strid
fanaction,16237,aβanikaɾ,ɐbɐnaɾ,β,b,cont
fanaction,16237,aβentaɾ,vẽtilaɾ,t,l,"cont,voi,son"
fanaction,16237,aβentaɾ,ɐbɐnaɾ,β,b,cont
fanaction,16237,bentilaɾ,vẽtilaɾ,b,v,"cont,strid"
fanaction,16237,bentilaɾ,ɐbɐnaɾ,l,n,"cont,nas"
fanaction,16237,bentilaɾ,ɐbɐnaɾ,t,b,"voi,cor,lab"
fanobject,16265,aβaniko,vẽtilɐdoɾ,k,d,"voi,ant,cor,back,hi"
fanobject,16265,aβaniko,vẽtilɐdoɾ,n,l,"cont,nas"
fanobject,16265,aβaniko,vẽtilɐdoɾ,β,t,"cont,voi,cor,lab"
far,16291,lexos,lõʒɨ,x,ʒ,"voi,cor,back,strid,hi"
farmer,16301,aɣɾikultoɾ,fɐzẽdɐiɾu,k,d,"voi,ant,cor,back,hi"
farmer,16301,aɣɾikultoɾ,fɐzẽdɐiɾu,l,ɾ,"hi,lo"
farmer,16301,aɣɾikultoɾ,fɐzẽdɐiɾu,ɾ,z,"strid,hi,lo,son"
farmer,16301,aɣɾikultoɾ,lɐvɾɐdoɾ,k,v,"cont,voi,ant,lab,back,strid,hi"
farmer,16301,aɣɾikultoɾ,lɐvɾɐdoɾ,t,d,voi
farmer,16301,aɣɾikultoɾ,lɐvɾɐdoɾ,ɾ,l,"hi,lo"
farmer,16301,laβɾaðoɾ,fɐzẽdɐiɾu,l,f,"voi,cor,lab,strid,son"
farmer,16301,laβɾaðoɾ,fɐzẽdɐiɾu,β,z,"cor,lab,strid"
farmer,16301,laβɾaðoɾ,lɐvɾɐdoɾ,ð,d,cont
farmer,16301,laβɾaðoɾ,lɐvɾɐdoɾ,β,v,strid
farmer,16301,rantʃɛɾo,fɐzẽdɐiɾu,n,z,"cont,nas,strid,son"
farmer,16301,rantʃɛɾo,fɐzẽdɐiɾu,r,f,"voi,cor,lab,strid,hi,lo,son"
farmer,16301,rantʃɛɾo,lɐvɾɐdoɾ,n,v,"cont,nas,cor,lab,strid,son"
farmer,16301,rantʃɛɾo,lɐvɾɐdoɾ,r,l,"hi,lo"
farmer,16301,rantʃɛɾo,lɐvɾɐdoɾ,ɾ,d,"cont,hi,lo,son"
fart,16333,flato,pɐidu,f,p,"cont,strid"
fart,16333,flato,pɐidu,t,d,voi
fast,16359,rapiðo,liʒɐiɾu,p,ʒ,"cont,voi,ant,cor,lab,strid"
fast,16359,rapiðo,liʒɐiɾu,r,l,"hi,lo"
fast,16359,rapiðo,liʒɐiɾu,ð,ɾ,"hi,lo,son"
fast,16359,rapiðo,ʁapidu,r,ʁ,"ant,cor,back,strid,hi,lo,son"
fast,16359,rapiðo,ʁapidu,ð,d,cont
fatherinlawofman,16428,sweɣɾo,sɔgɾu,ɣ,g,cont
fathom,16473,bɾaθa,palˠmu,b,p,voi
fathom,16473,bɾaθa,palˠmu,θ,m,"cont,voi,nas,cor,lab,son"
fearfright,16617,mjeðo,medu,ð,d,cont
fearfright,16617,mjeðo,suʃtu,m,s,"cont,voi,nas,cor,lab,strid,son"
fearfright,16617,mjeðo,suʃtu,ð,t,"cont,voi"
fearfright,16617,susto,medu,s,m,"cont,voi,nas,cor,lab,strid,son"
fearfright,16617,susto,medu,t,d,voi
fearfright,16617,susto,suʃtu,s,ʃ,ant
feather,16660,pluma,pɛnɐ,m,n,"cor,lab"
felt,16773,fjɛltɾo,fɛlˠtɾu,l,lˠ,hi
fever,16872,fjeβɾe,fɛbɾɨ,β,b,cont
fig,16997,iɣo,figu,ɣ,g,cont
fin,17045,alɛta,bɐɾbɐtɐnɐ,l,ɾ,"hi,lo"
find,17054,aʎaɾ,ɐʃaɾ,ʎ,ʃ,"voi,strid,hi,son"
finish,17254,akaβaɾ,kõplɨtaɾ,k,p,"ant,lab,back,hi"
finish,17254,akaβaɾ,kõplɨtaɾ,β,t,"cont,voi,cor,lab"
finish,17254,akaβaɾ,ɐkɐbaɾ,β,b,cont
finish,17254,finaliθaɾ,kõplɨtaɾ,f,k,"cont,ant,lab,back,strid,hi"
finish,17254,finaliθaɾ,kõplɨtaɾ,n,p,"voi,nas,cor,lab,son"
finish,17254,finaliθaɾ,kõplɨtaɾ,θ,t,cont
finish,17254,finaliθaɾ,ɐkɐbaɾ,n,k,"voi,nas,ant,cor,back,hi,son"
finish,17254,finaliθaɾ,ɐkɐbaɾ,θ,b,"cont,voi,cor,lab"
finish,17254,tɛɾminaɾ,kõplɨtaɾ,m,l,"cont,nas,cor,lab"
finish,17254,tɛɾminaɾ,kõplɨtaɾ,n,t,"voi,nas,son"
finish,17254,tɛɾminaɾ,kõplɨtaɾ,t,k,"ant,cor,back,hi"
finish,17254,tɛɾminaɾ,kõplɨtaɾ,ɾ,p,"cont,voi,cor,lab,hi,lo,son"
finish,17254,tɛɾminaɾ,ɐkɐbaɾ,m,k,"voi,nas,ant,lab,back,hi,son"
finish,17254,tɛɾminaɾ,ɐkɐbaɾ,n,b,"nas,cor,lab,son"
fir,17320,aβɛto,ɐbɛtu,β,b,cont
firefly,17377,luθjɛɾnaɣa,piɾilɐ̃pu,l,p,"cont,voi,cor,lab,son"
firefly,17377,luθjɛɾnaɣa,piɾilɐ̃pu,n,l,"cont,nas"
firefly,17377,luθjɛɾnaɣa,piɾilɐ̃pu,ɣ,p,"cont,voi,ant,lab,back,hi"
firefly,17377,luθjɛɾnaɣa,piɾilɐ̃pu,θ,ɾ,"voi,hi,lo,son"
firefly,17377,luθjɛɾnaɣa,vɐgɐlumɨ,j,g,"cont,back,son"
firefly,17377,luθjɛɾnaɣa,vɐgɐlumɨ,l,v,"cor,lab,strid,son"
firefly,17377,luθjɛɾnaɣa,vɐgɐlumɨ,n,l,"cont,nas"
firefly,17377,luθjɛɾnaɣa,vɐgɐlumɨ,ɣ,m,"cont,nas,ant,lab,back,hi,son"
fireplace,17384,foɣon,lɐɾɐiɾɐ,f,l,"voi,cor,lab,strid,son"
fireplace,17384,foɣon,lɐɾɐiɾɐ,ɣ,ɾ,"ant,cor,back,hi,lo,son"
fish,17492,pɛskaðo,pɐiʃɨ,s,ʃ,ant
fisherman,17544,pɛskaðoɾ,pɨʃkɐdoɾ,s,ʃ,ant
fisherman,17544,pɛskaðoɾ,pɨʃkɐdoɾ,ð,d,cont
fishingline,17621,kwɛɾða+ðe+pɛskaɾ,liɲɐ+dɨ+pɛʃkɐ,s,ʃ,ant
fishingline,17621,kwɛɾða+ðe+pɛskaɾ,liɲɐ+dɨ+pɛʃkɐ,w,l,"ant,cor,lab,back,round,hi"
fishingline,17621,kwɛɾða+ðe+pɛskaɾ,liɲɐ+dɨ+pɛʃkɐ,ð,d,cont
fishingline,17621,kwɛɾða+ðe+pɛskaɾ,liɲɐ+dɨ+pɛʃkɐ,ð,ɲ,"cont,nas,ant,cor,hi,son"
fishnet,17626,ataraʝa,ʁɛdɨ,ʝ,d,"cont,ant,cor,hi"
fishnet,17626,rɛð,ʁɛdɨ,r,ʁ,"ant,cor,back,strid,hi,lo,son"
fishnet,17626,rɛð,ʁɛdɨ,ð,d,cont
five,17702,θinko,sĩku,θ,s,strid
flame,17732,ʎama,ʃɐmɐ,ʎ,ʃ,"voi,strid,hi,son"
flaxorlinen,17793,lino,liɲu,n,ɲ,"ant,cor,hi"
floor,17954,swelo,suaʎu,l,ʎ,"ant,hi"
floor,17954,swelo,ʃɐ̃ũ,s,ʃ,ant
flour,18014,aɾina,fɐɾiɲɐ,n,ɲ,"ant,cor,hi"
flowingbodyofwater,18162,korjente,ʁjaʃu,k,ʁ,"cont,voi,strid,hi"
flowingbodyofwater,18162,korjente,ʁjaʃu,t,ʃ,"cont,ant,strid"
flowingbodyofwater,18162,korjente,ʁjɔ,k,ʁ,"cont,voi,strid,hi"
flyinsect,18239,moska,mɔʃkɐ,s,ʃ,ant
flymovethroughair,18289,bolaɾ,vuaɾ,b,v,"cont,strid"
foam,18327,ɛspuma,ʃpumɐ,s,ʃ,ant
fog,18346,neβlina,nɛvuɐ,β,v,strid
fog,18346,neβlina,nɨvuɐiɾu,n,ɾ,"cont,nas,hi,lo"
fog,18346,neβlina,nɨvuɐiɾu,β,v,strid
fog,18346,njeβla,nɛvuɐ,β,v,strid
fog,18346,njeβla,nɨvuɐiɾu,l,ɾ,"hi,lo"
fold,18393,doβlaɾ,dubɾaɾ,l,ɾ,"hi,lo"
fold,18393,doβlaɾ,dubɾaɾ,β,b,cont
follow,18433,seɣiɾ,sɨgiɾ,ɣ,g,cont
forbid,18656,pɾoiβiɾ,pɾoibiɾ,β,b,cont
forest,18744,sɛlβa,fluɾɛʃtɐ,l,ʃ,"voi,ant,strid,son"
forest,18744,sɛlβa,fluɾɛʃtɐ,s,f,"cor,lab"
forest,18744,sɛlβa,fluɾɛʃtɐ,β,t,"cont,voi,cor,lab"
forge,18784,fɾaɣwa,fɔɾʒɐ,w,ʒ,"cor,lab,back,round,strid,hi,son"
forge,18784,fɾaɣwa,fɔɾʒɐ,ɣ,ɾ,"ant,cor,back,hi,lo,son"
forget,18805,olβiðaɾ,skwɨsɛɾsɨ,l,k,"cont,voi,ant,cor,back,hi,son"
forget,18805,olβiðaɾ,skwɨsɛɾsɨ,ð,s,"voi,strid"
forget,18805,olβiðaɾ,skwɨsɛɾsɨ,β,w,"ant,back,round,hi,son"
forgive,18854,pɛɾðonaɾ,pɨɾduaɾ,ð,d,cont
forkedbranch,18922,rama+βifuɾkaða,ʁɐmɐ+bifuɾkadɐ,r,ʁ,"ant,cor,back,strid,hi,lo,son"
forkedbranch,18922,rama+βifuɾkaða,ʁɐmɐ+bifuɾkadɐ,ð,d,cont
forkedbranch,18922,rama+βifuɾkaða,ʁɐmɐ+bifuɾkadɐ,β,b,cont
fortress,18958,foɾtaleθa,foɾtɐlɛzɐ,θ,z,"voi,strid"
fortress,18958,kastiʎo,foɾtɐlɛzɐ,k,f,"cont,ant,lab,back,strid,hi"
fortress,18958,kastiʎo,foɾtɐlɛzɐ,s,ɾ,"voi,strid,hi,lo,son"
fortress,18958,kastiʎo,foɾtɐlɛzɐ,ʎ,l,"ant,hi"
fox,19092,θoro,ʁɐpɔzɐ,r,z,"strid,hi,lo,son"
fox,19092,θoro,ʁɐpɔzɐ,θ,p,"cont,cor,lab"
fragrant,19145,fɾaɣante,fɾɐgɐ̃tɨ,ɣ,g,cont
fragrant,19145,fɾaɣante,ʃɐiɾɔzu,f,ʃ,"ant,cor,lab"
fragrant,19145,fɾaɣante,ʃɐiɾɔzu,t,z,"cont,voi,strid"
fragrant,19145,fɾaɣante,ʃɐiɾɔzu,ɣ,ɾ,"ant,cor,back,hi,lo,son"
freeman,19188,ombɾe+liβɾe,ɔmɐ̃ĩ+livɾɨ,β,v,strid
friday,19259,bjɛɾnes,sɨʃtɐfɐiɾɐ,b,s,"cont,voi,cor,lab,strid"
friday,19259,bjɛɾnes,sɨʃtɐfɐiɾɐ,s,ɾ,"voi,strid,hi,lo,son"
friday,19259,bjɛɾnes,sɨʃtɐfɐiɾɐ,ɾ,t,"cont,voi,hi,lo,son"
friend,19338,amiɣo,ɐmigu,ɣ,g,cont
furrow,19633,suɾko,sulˠku,ɾ,lˠ,"hi,lo"
garden,19684,wɛɾto,ʒɐɾdĩ,t,d,voi
garden,19684,wɛɾto,ʒɐɾdĩ,w,ʒ,"cor,lab,back,round,strid,hi,son"
gardenhouse,19720,kasa+ðe+wɛɾta,kazɐ+dɨ+ʒɐɾdĩ,s,z,voi
gardenhouse,19720,kasa+ðe+wɛɾta,kazɐ+dɨ+ʒɐɾdĩ,t,d,voi
gardenhouse,19720,kasa+ðe+wɛɾta,kazɐ+dɨ+ʒɐɾdĩ,w,ʒ,"cor,lab,back,round,strid,hi,son"
gardenhouse,19720,kasa+ðe+wɛɾta,kazɐ+dɨ+ʒɐɾdĩ,ð,d,cont
gather,19768,rekoxɛɾ,kulɨsjunaɾ,k,j,"cont,voi,back,son"
gather,19768,rekoxɛɾ,kulɨsjunaɾ,r,l,"hi,lo"
gather,19768,rekoxɛɾ,kulɨsjunaɾ,x,n,"cont,voi,nas,ant,cor,back,hi,son"
gather,19768,rekoxɛɾ,ʁeuniɾ,k,ʁ,"cont,voi,strid,hi"
gather,19768,rekoxɛɾ,ʁeuniɾ,x,n,"cont,voi,nas,ant,cor,back,hi,son"
get,19825,oβtenɛɾ,kõsɨgiɾ,n,g,"nas,ant,cor,back,hi,son"
get,19825,oβtenɛɾ,kõsɨgiɾ,t,s,"cont,strid"
ghost,19903,fantasma,fɐ̃taʒmɐ,s,ʒ,"voi,ant"
gill,19958,aɣaʎa,bɾɐ̃kiɐ,ɣ,ɾ,"ant,cor,back,hi,lo,son"
gill,19958,aɣaʎa,gwɛlˠʁɐ,ɣ,w,"lab,round,son"
gill,19958,aɣaʎa,gwɛlˠʁɐ,ʎ,lˠ,ant
giveback,20078,deβolβɛɾ,dɨvɔlˠveɾ,l,lˠ,hi
giveback,20078,deβolβɛɾ,dɨvɔlˠveɾ,β,v,strid
giveback,20078,deβolβɛɾ,dɨvɔlˠveɾ,β,v,strid
glass,20119,biðɾjo,vidɾu,b,v,"cont,strid"
glass,20119,biðɾjo,vidɾu,ð,d,cont
glove,20157,gwante,luvɐ,g,l,"cont,ant,cor,back,hi,son"
glove,20157,gwante,luvɐ,t,v,"cont,voi,cor,lab,strid"
glue,20169,aðesiβo,kɔlɐ,s,l,"voi,strid,son"
glue,20169,aðesiβo,kɔlɐ,ð,k,"cont,voi,ant,cor,back,hi"
goat,20265,kaβɾa,kabɾɐ,β,b,cont
god,20266,djos,deuʃ,s,ʃ,ant
godowndescend,20289,baxaɾ,bɐiʃaɾ,x,ʃ,"cor,back,strid,hi"
godowndescend,20289,baxaɾ,dɨʃseɾ,b,d,"cor,lab"
godowndescend,20289,baxaɾ,dɨʃseɾ,x,ʃ,"cor,back,strid,hi"
godowndescend,20289,desendɛɾ,bɐiʃaɾ,d,b,"cor,lab"
godowndescend,20289,desendɛɾ,bɐiʃaɾ,s,ʃ,ant
godowndescend,20289,desendɛɾ,dɨʃseɾ,d,s,"cont,voi,strid"
godowndescend,20289,desendɛɾ,dɨʃseɾ,s,ʃ,ant
goiter,20330,boθjo,papu,b,p,voi
goiter,20330,boθjo,papu,θ,p,"cont,cor,lab"
goiter,20330,boθjo,pɐpɐiɾɐ,b,p,voi
goiter,20330,boθjo,pɐpɐiɾɐ,j,ɾ,"ant,cor,hi,lo"
goiter,20330,boθjo,pɐpɐiɾɐ,θ,p,"cont,cor,lab"
grape,20790,uβa,uvɐ,β,v,strid
grass,20846,ɟʝɛɾβa,ɛɾvɐ,β,v,strid
grasshopper,20902,saltamontes,gɐfɐɲɔtu,m,ɲ,"ant,lab,hi"
grasshopper,20902,saltamontes,gɐfɐɲɔtu,s,g,"cont,voi,ant,cor,back,strid,hi"
grasshopper,20902,saltamontes,gɐfɐɲɔtu,t,f,"cont,cor,lab,strid"
grassskirt,20930,falda+ðe+ʝɛɾβas,saiɐ+dɨ+paʎɐ,f,s,"cor,lab"
grassskirt,20930,falda+ðe+ʝɛɾβas,saiɐ+dɨ+paʎɐ,ð,d,cont
grassskirt,20930,falda+ðe+ʝɛɾβas,saiɐ+dɨ+paʎɐ,ɾ,ʎ,"ant,hi,lo"
grassskirt,20930,falda+ðe+ʝɛɾβas,saiɐ+dɨ+paʎɐ,ʝ,p,"cont,voi,ant,lab,hi"
greedy,21000,boɾaθ,kubisɔzu,ɾ,s,"voi,strid,hi,lo,son"
greedy,21000,boɾaθ,kubisɔzu,θ,z,"voi,strid"
greedy,21000,koðiθjoso,kubisɔzu,s,z,voi
greedy,21000,koðiθjoso,kubisɔzu,ð,b,"cont,cor,lab"
greedy,21000,koðiθjoso,kubisɔzu,θ,s,strid
green,21014,bɛɾðe,vɛɾdɨ,b,v,"cont,strid"
green,21014,bɛɾðe,vɛɾdɨ,ð,d,cont
grief,21092,tɾisteθa,doɾ,t,d,voi
grief,21092,tɾisteθa,doɾ,θ,ɾ,"voi,hi,lo,son"
grief,21092,tɾisteθa,tɾiʃtɛzɐ,s,ʃ,ant
grief,21092,tɾisteθa,tɾiʃtɛzɐ,θ,z,"voi,strid"
grind,21155,aplastaɾ,mueɾ,p,m,"voi,nas,son"
grind,21155,aplastaɾ,ʒmɐgaɾ,l,m,"cont,nas,cor,lab"
grind,21155,aplastaɾ,ʒmɐgaɾ,p,ʒ,"cont,voi,ant,cor,lab,strid"
grind,21155,aplastaɾ,ʒmɐgaɾ,t,g,"voi,ant,cor,back,hi"
grind,21155,molɛɾ,ʒmɐgaɾ,l,g,"cont,ant,cor,back,hi,son"
groan,21185,xemiɾ,ʒɨmeɾ,x,ʒ,"voi,cor,back,strid,hi"
guard,21314,gwaɾðja,sẽtinɛlɐ,g,s,"cont,voi,ant,cor,back,strid,hi"
guard,21314,gwaɾðja,sẽtinɛlɐ,j,l,"ant,cor,hi"
guard,21314,gwaɾðja,sẽtinɛlɐ,ɾ,n,"cont,nas,hi,lo"
guard,21314,θentinela,sẽtinɛlɐ,θ,s,strid
guess,21321,aðiβinaɾ,kõʒɨtuɾaɾ,n,ɾ,"cont,nas,hi,lo"
guess,21321,aðiβinaɾ,kõʒɨtuɾaɾ,ð,ʒ,"ant,strid"
guess,21321,aðiβinaɾ,kõʒɨtuɾaɾ,β,t,"cont,voi,cor,lab"
guess,21321,aðiβinaɾ,ɐdiviɲaɾ,n,ɲ,"ant,cor,hi"
guess,21321,aðiβinaɾ,ɐdiviɲaɾ,ð,d,cont
guess,21321,aðiβinaɾ,ɐdiviɲaɾ,β,v,strid
guess,21321,aθɛɾtaɾ,kõʒɨtuɾaɾ,t,ɾ,"cont,voi,hi,lo,son"
guess,21321,aθɛɾtaɾ,kõʒɨtuɾaɾ,ɾ,t,"cont,voi,hi,lo,son"
guess,21321,aθɛɾtaɾ,kõʒɨtuɾaɾ,θ,ʒ,"voi,ant,strid"
guess,21321,aθɛɾtaɾ,ɐdiviɲaɾ,t,ɲ,"voi,nas,ant,cor,hi,son"
guess,21321,aθɛɾtaɾ,ɐdiviɲaɾ,ɾ,v,"cor,lab,strid,hi,lo,son"
guess,21321,aθɛɾtaɾ,ɐdiviɲaɾ,θ,d,"cont,voi"
guest,21348,imbitaðo,kõvidadu,b,v,"cont,strid"
guest,21348,imbitaðo,kõvidadu,t,d,voi
guest,21348,imbitaðo,kõvidadu,ð,d,cont
guest,21348,imbitaðo,ɔʃpɨdɨ,b,p,voi
guest,21348,imbitaðo,ɔʃpɨdɨ,m,ʃ,"cont,voi,nas,ant,cor,lab,strid,son"
guest,21348,imbitaðo,ɔʃpɨdɨ,t,d,voi
hairbody,21495,beʎo,kɐbɛlu,ʎ,l,"ant,hi"
hairbody,21495,beʎo,pelu,b,p,voi
hairbody,21495,beʎo,pelu,ʎ,l,"ant,hi"
hairhead,21498,kaβeʎo,kɐbɛlu,ʎ,l,"ant,hi"
hairhead,21498,kaβeʎo,kɐbɛlu,β,b,cont
hairhead,21498,pelo,kɐbɛlu,p,b,voi
half,21537,mitað,mɨtadɨ,ð,d,cont
hammer,21607,maɾtiʎo,mɐɾtɛlu,ʎ,l,"ant,hi"
happy,21793,aleɣɾe,fɨliʃ,l,f,"voi,cor,lab,strid,son"
happy,21793,aleɣɾe,fɨliʃ,ɣ,l,"ant,cor,back,hi,son"
happy,21793,aleɣɾe,kõtẽtɨ,ɾ,t,"cont,voi,hi,lo,son"
happy,21793,aleɣɾe,ɐlɛgɾɨ,ɣ,g,cont
happy,21793,feliθ,fɨliʃ,θ,ʃ,"ant,strid"
happy,21793,feliθ,kõtẽtɨ,f,k,"cont,ant,lab,back,strid,hi"
happy,21793,feliθ,kõtẽtɨ,l,t,"cont,voi,son"
happy,21793,feliθ,kõtẽtɨ,θ,t,cont
happy,21793,feliθ,ɐlɛgɾɨ,f,l,"voi,cor,lab,strid,son"
happy,21793,feliθ,ɐlɛgɾɨ,l,g,"cont,ant,cor,back,hi,son"
happy,21793,kontento,fɨliʃ,k,f,"cont,ant,lab,back,strid,hi"
happy,21793,kontento,fɨliʃ,n,l,"cont,nas"
happy,21793,kontento,fɨliʃ,t,ʃ,"cont,ant,strid"
happy,21793,kontento,ɐlɛgɾɨ,n,g,"nas,ant,cor,back,hi,son"
happy,21793,kontento,ɐlɛgɾɨ,n,l,"cont,nas"
happy,21793,kontento,ɐlɛgɾɨ,t,ɾ,"cont,voi,hi,lo,son"
harvest,21955,kosetʃa,kuʎɐitɐ,s,ʎ,"voi,ant,strid,hi,son"
harvest,21955,sjeɣa,kuʎɐitɐ,s,k,"cont,ant,cor,back,strid,hi"
harvest,21955,sjeɣa,kuʎɐitɐ,ɣ,t,"cont,voi,ant,cor,back,hi"
hate,21973,oðjaɾ,odjaɾ,ð,d,cont
hawk,22033,alkon,falˠkɐ̃ũ,k,lˠ,"cont,voi,ant,cor,back,son"
hawk,22033,gaβilan,falˠkɐ̃ũ,l,lˠ,hi
hawk,22033,gaβilan,falˠkɐ̃ũ,β,f,"voi,strid"
hay,22052,eno,paʎɐ,n,ʎ,"cont,nas,ant,hi"
hay,22052,paxa,fɛnu,p,f,"cont,strid"
hay,22052,paxa,fɛnu,x,n,"cont,voi,nas,ant,cor,back,hi,son"
hay,22052,paxa,paʎɐ,x,ʎ,"voi,cor,back,son"
head,22091,kaβeθa,kɐbɛsɐ,β,b,cont
head,22091,kaβeθa,kɐbɛsɐ,θ,s,strid
headgear,22180,goro,boinɐ,g,b,"ant,lab,back,hi"
headgear,22180,goro,boinɐ,r,n,"cont,nas,hi,lo"
headgear,22180,goro,gɔʁu,r,ʁ,"ant,cor,back,strid,hi,lo,son"
headgear,22180,goro,ʃɐpɛu,g,ʃ,"cont,voi,cor,back,strid,hi"
headgear,22180,goro,ʃɐpɛu,r,p,"cont,voi,cor,lab,hi,lo,son"
headgear,22180,sombɾɛɾo,boinɐ,ɾ,n,"cont,nas,hi,lo"
headgear,22180,sombɾɛɾo,gɔʁu,b,ʁ,"cont,ant,lab,back,strid"
headgear,22180,sombɾɛɾo,gɔʁu,s,g,"cont,voi,ant,cor,back,strid,hi"
headgear,22180,sombɾɛɾo,ʃɐpɛu,b,p,voi
headgear,22180,sombɾɛɾo,ʃɐpɛu,s,ʃ,ant
helmet,22505,ɟʝɛlmo,ɛlˠmu,l,lˠ,hi
help,22550,aʝuðaɾ,ɐʒudaɾ,ð,d,cont
help,22550,aʝuðaɾ,ɐʒudaɾ,ʝ,ʒ,"cor,strid,hi"
hen,22602,gaʎina,gɐliɲɐ,n,ɲ,"ant,cor,hi"
hen,22602,gaʎina,gɐliɲɐ,ʎ,l,"ant,hi"
heorsheorit,22604,eʎa,elɨ,ʎ,l,"ant,hi"
heorsheorit,22604,eʎa,ɛlɐ,ʎ,l,"ant,hi"
heorsheorit,22604,eʎo,elɨ,ʎ,l,"ant,hi"
heorsheorit,22604,eʎo,ɛlɐ,ʎ,l,"ant,hi"
herdsman,22645,bakɛɾo,pɐʃtoɾ,b,p,voi
herdsman,22645,bakɛɾo,pɐʃtoɾ,k,ʃ,"cont,cor,back,strid,hi"
herdsman,22645,pastoɾ,pɐʃtoɾ,s,ʃ,ant
high,22828,eleβaðo,ilɨvadu,ð,d,cont
high,22828,eleβaðo,ilɨvadu,β,v,strid
hightide,22868,pleamaɾ,pɾiɐmaɾ,l,ɾ,"hi,lo"
hightide,22868,pleamaɾ,pɾɐiɐmaɾ,l,ɾ,"hi,lo"
hinderorprevent,22955,ɛstoɾβaɾ,ʃtuɾvaɾ,s,ʃ,ant
hinderorprevent,22955,ɛstoɾβaɾ,ʃtuɾvaɾ,β,v,strid
hinderorprevent,22966,impeðiɾ,ĩpɨdiɾ,ð,d,cont
hip,22968,kaðɛɾa,ɐ̃kɐ,ð,k,"cont,voi,ant,cor,back,hi"
hireorrent,23008,alkilaɾ,ɐlugaɾ,l,g,"cont,ant,cor,back,hi,son"
holy,23193,santo,sɐgɾadu,n,ɾ,"cont,nas,hi,lo"
holy,23193,santo,sɐgɾadu,t,d,voi
holy,23193,saɣɾaðo,sɐgɾadu,ð,d,cont
holy,23193,saɣɾaðo,sɐgɾadu,ɣ,g,cont
holy,23193,saɣɾaðo,sɐ̃tu,ð,t,"cont,voi"
honey,23220,mjɛl,mɛlˠ,l,lˠ,hi
hook,23235,gantʃo,gɐ̃ʃu,n,ʃ,"cont,voi,nas,ant,strid,son"
hope,23276,ɛspɛɾanθa,ʃpɨɾɐ̃sɐ,s,ʃ,ant
hope,23276,ɛspɛɾanθa,ʃpɨɾɐ̃sɐ,θ,s,strid
horse,23350,kaβaʎo,kɐvalu,ʎ,l,"ant,hi"
horse,23350,kaβaʎo,kɐvalu,β,v,strid
host,23384,ospeðɛɾo,oʃpɨdɐiɾu,s,ʃ,ant
host,23384,ospeðɛɾo,oʃpɨdɐiɾu,ð,d,cont
host,23384,ospeðɛɾo,ɐ̃fitɾiɐ̃ũ,p,f,"cont,strid"
host,23384,ospeðɛɾo,ɐ̃fitɾiɐ̃ũ,ð,t,"cont,voi"
host,23384,wɛspɛð,oʃpɨdɐiɾu,s,p,"cont,cor,lab,strid"
host,23384,wɛspɛð,oʃpɨdɐiɾu,ð,ɾ,"hi,lo,son"
host,23384,wɛspɛð,ɐ̃fitɾiɐ̃ũ,p,t,"cor,lab"
house,23494,kasa,kazɐ,s,z,voi
howmanypieces,23672,kwantos,kwɐ̃tuʃ,s,ʃ,ant
hunt,23749,kaθaɾ,kɐsaɾ,θ,s,strid
husband,23857,maɾiðo,mɐɾidu,ð,d,cont
husband,23857,ɛsposo,mɐɾidu,p,ɾ,"cont,voi,cor,lab,hi,lo,son"
husband,23857,ɛsposo,mɐɾidu,s,d,"cont,voi,strid"
hut,23908,kaβaɲa,kɐbɐnɐ,ɲ,n,"ant,cor,hi"
hut,23908,kaβaɲa,kɐbɐnɐ,β,b,cont
hut,23908,tʃoθa,kɐbɐnɐ,θ,n,"cont,voi,nas,son"
ice,23962,ɟʝelo,ʒɛlu,ʝ,ʒ,"cor,strid,hi"
idol,24055,iðolo,idulu,ð,d,cont
innocent,24336,inoθente,inusẽtɨ,θ,s,strid
intestines,24475,intɛstinos,ĩtɨʃtinuʃ,s,ʃ,ant
intestines,24475,intɛstinos,ĩtɨʃtinuʃ,s,ʃ,ant
intestines,24475,tɾipas,ĩtɨʃtinuʃ,p,n,"voi,nas,cor,lab,son"
intestines,24475,tɾipas,ĩtɨʃtinuʃ,s,ʃ,ant
intestines,24475,tɾipas,ĩtɨʃtinuʃ,ɾ,t,"cont,voi,hi,lo,son"
iron,24566,ɟʝɛro,fɛʁu,r,ʁ,"ant,cor,back,strid,hi,lo,son"
iron,24566,ɟʝɛro,fɛʁu,ʝ,f,"voi,ant,lab,strid,hi"
island,24626,isla,iʎɐ,l,ʎ,"ant,hi"
itch,24670,komeθon,kumiʃɐ̃ũ,θ,ʃ,"ant,strid"
itch,24670,komeθon,kusɐiɾɐ,m,s,"cont,voi,nas,cor,lab,strid,son"
itch,24670,komeθon,kusɐiɾɐ,θ,ɾ,"voi,hi,lo,son"
jaw,24702,mandiβula,mɐksilɐ,d,s,"cont,voi,strid"
jaw,24702,mandiβula,mɐksilɐ,n,k,"voi,nas,ant,cor,back,hi,son"
judge,24888,xwɛθ,ʒuiʃ,x,ʒ,"voi,cor,back,strid,hi"
judge,24888,xwɛθ,ʒuiʃ,θ,ʃ,"ant,strid"
jump,24974,saltaɾ,salˠtaɾ,l,lˠ,hi
keep,25024,konsɛɾβaɾ,kõsɨɾvaɾ,β,v,strid
keep,25024,rɛtenɛɾ,kõsɨɾvaɾ,n,ɾ,"cont,nas,hi,lo"
keep,25024,rɛtenɛɾ,kõsɨɾvaɾ,r,k,"cont,voi,ant,cor,back,hi,lo,son"
keep,25024,rɛtenɛɾ,kõsɨɾvaɾ,t,s,"cont,strid"
keep,25039,gwaɾðaɾ,gwɐɾdaɾ,ð,d,cont
kettle,25103,kaldɛɾa,ʃɐlɐiɾɐ,k,ʃ,"cont,cor,back,strid,hi"
key,25155,ʎaβe,ʃavɨ,ʎ,ʃ,"voi,strid,hi,son"
key,25155,ʎaβe,ʃavɨ,β,v,strid
kick,25174,pateaɾ,ʃutaɾ,p,ʃ,"cont,ant,cor,lab,strid"
king,25305,goβɛɾnante,guvɨɾnɐ̃tɨ,β,v,strid
kiss,25363,besaɾ,bɐiʒaɾ,s,ʒ,"voi,ant"
knee,25417,roðiʎa,ʒuɐʎu,r,ʒ,"ant,strid,hi,lo,son"
kneel,25456,aroðiʎaɾse,ɐʒuɨʎaɾ,r,ʒ,"ant,strid,hi,lo,son"
knife,25480,kutʃiʎo,fakɐ,k,f,"cont,ant,lab,back,strid,hi"
knife,25480,kutʃiʎo,fakɐ,ʎ,k,"cont,voi,cor,back,son"
knowsomething,25645,konoθɛɾ,sɐbeɾ,n,s,"cont,voi,nas,strid,son"
knowsomething,25645,konoθɛɾ,sɐbeɾ,θ,b,"cont,voi,cor,lab"
knowsomething,25645,saβɛɾ,sɐbeɾ,β,b,cont
lagoon,25748,laɣuna,lɐgunɐ,ɣ,g,cont
lake,25773,laɣo,lagu,ɣ,g,cont
lamb,25836,boreɣo,kuɾdɐiɾu,b,k,"voi,ant,lab,back,hi"
lamb,25836,boreɣo,kuɾdɐiɾu,r,ɾ,
lamb,25836,boreɣo,kuɾdɐiɾu,ɣ,ɾ,"ant,cor,back,hi,lo,son"
lamb,25836,koɾðɛɾo,kuɾdɐiɾu,ð,d,cont
land,25877,tjɛra,tɨʁenu,r,n,"cont,nas,hi,lo"
landdescend,25902,desembaɾkaɾ,dɨzẽbɐɾkaɾ,s,z,voi
lastendure,25982,duɾaɾ,supoɾtaɾ,d,s,"cont,voi,strid"
lastfinal,26017,ultimo,ulˠtimu,l,lˠ,hi
lazy,26222,floxo,pɾɨgjsɔzu,f,p,"cont,strid"
lazy,26222,floxo,pɾɨgjsɔzu,l,ɾ,"hi,lo"
lazy,26222,floxo,pɾɨgjsɔzu,x,g,"cont,voi"
lazy,26222,pɛɾeθoso,pɾɨgjsɔzu,s,z,voi
lazy,26222,pɛɾeθoso,pɾɨgjsɔzu,ɾ,g,"cont,ant,cor,back,hi,lo,son"
lazy,26222,pɛɾeθoso,pɾɨgjsɔzu,θ,s,strid
leadchemicalelement,26251,plomo,ʃũbu,l,ʃ,"voi,ant,strid,son"
leadchemicalelement,26251,plomo,ʃũbu,m,b,"nas,son"
leadguide,26288,gjaɾ,kõduziɾ,g,k,voi
leadguide,26288,konduθiɾ,gjaɾ,k,g,voi
leadguide,26288,konduθiɾ,kõduziɾ,θ,z,"voi,strid"
leaf,26338,oxa,fɔʎɐ,x,ʎ,"voi,cor,back,son"
leather,26475,pjɛl,koɾu,p,k,"ant,lab,back,hi"
leave,26560,maɾtʃaɾse,pɐɾtiɾ,m,p,"voi,nas,son"
leave,26560,maɾtʃaɾse,pɐɾtiɾ,ɾ,t,"cont,voi,hi,lo,son"
left,26590,iθkjɛɾða,skwɛɾdɐ,j,w,"lab,back,round"
left,26590,iθkjɛɾða,skwɛɾdɐ,ð,d,cont
left,26590,iθkjɛɾða,skwɛɾdɐ,θ,s,strid
leg,26644,pata,pɛɾnɐ,t,n,"voi,nas,son"
lend,26688,pɾɛstaɾ,ẽpɾɨʃtaɾ,s,ʃ,ant
letgoorsetfree,26728,laɾɣaɾ,lɐɾgaɾ,ɣ,g,cont
letgoorsetfree,26738,soltaɾ,sɔlˠtaɾ,l,lˠ,hi
lick,26792,lamɛɾ,lɐ̃beɾ,m,b,"nas,son"
lift,26976,leβantaɾ,lɨvɐ̃taɾ,β,v,strid
lightignite,27033,enθendɛɾ,ɐsẽdeɾ,θ,s,strid
lightning,27094,relampaɣo,ʁɨlɐ̃pɐgu,r,ʁ,"ant,cor,back,strid,hi,lo,son"
lightning,27094,relampaɣo,ʁɨlɐ̃pɐgu,ɣ,g,cont
lightweight,27166,lixɛɾo,lɛvɨ,ɾ,v,"cor,lab,strid,hi,lo,son"
lightweight,27166,liβjano,lɛvɨ,β,v,strid
limp,27241,lisjaɾ,kuʃiaɾ,l,k,"cont,voi,ant,cor,back,hi,son"
limp,27241,lisjaɾ,kuʃiaɾ,s,ʃ,ant
line,27262,linea,liɲɐ,n,ɲ,"ant,cor,hi"
lip,27311,laβjo,labju,β,b,cont
livestock,27450,ganaðo,gadu,ð,d,cont
lizard,27472,laɣaɾtixa,lɐgaɾtu,ɣ,g,cont
lock,27548,θɛraðuɾa,fɨʃɐduɾɐ,r,ʃ,"voi,ant,strid,hi,lo,son"
lock,27548,θɛraðuɾa,fɨʃɐduɾɐ,ð,d,cont
lock,27548,θɛraðuɾa,fɨʃɐduɾɐ,θ,f,"cor,lab,strid"
long,27605,laɾɣo,kõpɾidu,l,k,"cont,voi,ant,cor,back,hi,son"
long,27605,laɾɣo,kõpɾidu,ɣ,d,"cont,ant,cor,back,hi"
look,27665,miɾaɾ,fitaɾ,m,f,"cont,voi,nas,strid,son"
look,27665,miɾaɾ,fitaɾ,ɾ,t,"cont,voi,hi,lo,son"
loud,27791,rwiðoso,bɐɾuʎẽtu,r,b,"cont,cor,lab,hi,lo,son"
loud,27791,rwiðoso,bɐɾuʎẽtu,s,t,"cont,strid"
loud,27791,rwiðoso,bɐɾuʎẽtu,ð,ʎ,"ant,hi,son"
loud,27791,rwiðoso,ʁuidɔzu,s,z,voi
loud,27791,rwiðoso,ʁuidɔzu,w,ʁ,"lab,round,strid,hi,son"
loud,27791,rwiðoso,ʁuidɔzu,ð,d,cont
louse,27827,pjoxo,pjɔʎu,x,ʎ,"voi,cor,back,son"
lunch,27985,almwɛɾθo,alˠmɔsu,l,lˠ,hi
lunch,27985,almwɛɾθo,alˠmɔsu,θ,s,strid
mad,28019,insano,loku,n,k,"voi,nas,ant,cor,back,hi,son"
mad,28019,insano,loku,n,l,"cont,nas"
mad,28019,insano,mɐluku,n,k,"voi,nas,ant,cor,back,hi,son"
mad,28019,insano,mɐluku,s,l,"voi,strid,son"
magician,28096,bɾuxa,bɾuʃu,x,ʃ,"cor,back,strid,hi"
magician,28096,bɾuxa,bɾuʃɐ,x,ʃ,"cor,back,strid,hi"
magician,28096,bɾuxa,fɐitisɐiɾu,b,f,"cont,voi,strid"
magician,28096,bɾuxa,fɐitisɐiɾu,x,s,"ant,cor,back,strid,hi"
magician,28096,bɾuxa,fɐitisɐiɾu,ɾ,t,"cont,voi,hi,lo,son"
magician,28096,bɾuxo,bɾuʃu,x,ʃ,"cor,back,strid,hi"
magician,28096,bɾuxo,bɾuʃɐ,x,ʃ,"cor,back,strid,hi"
magician,28096,bɾuxo,fɐitisɐiɾu,b,f,"cont,voi,strid"
magician,28096,bɾuxo,fɐitisɐiɾu,x,s,"ant,cor,back,strid,hi"
magician,28096,bɾuxo,fɐitisɐiɾu,ɾ,t,"cont,voi,hi,lo,son"
magician,28096,etʃiθɛɾo,bɾuʃu,ɾ,ʃ,"voi,ant,strid,hi,lo,son"
magician,28096,etʃiθɛɾo,bɾuʃu,θ,ɾ,"voi,hi,lo,son"
magician,28096,etʃiθɛɾo,bɾuʃɐ,ɾ,ʃ,"voi,ant,strid,hi,lo,son"
magician,28096,etʃiθɛɾo,bɾuʃɐ,θ,ɾ,"voi,hi,lo,son"
magician,28096,etʃiθɛɾo,fɐitisɐiɾu,θ,s,strid
mainland,28132,tjɛra+fiɾme,tɛʁɐ+fiɾmɨ,r,ʁ,"ant,cor,back,strid,hi,lo,son"
malegoat,28221,tʃiβo,bɔdɨ,β,d,"cont,cor,lab"
maleofanimal,28225,maskulino,mɐʃkulinu,s,ʃ,ant
manner,28335,moðo,mɐnɐiɾɐ,ð,n,"cont,nas,son"
mare,28421,ɟʝeɣwa,ɛgwɐ,ɣ,g,cont
market,28424,mɛɾkaðo,mɨɾkadu,ð,d,cont
marriageorwedding,28457,boða,kɐzɐmẽtu,b,k,"voi,ant,lab,back,hi"
marriageorwedding,28457,boða,kɐzɐmẽtu,ð,z,strid
marriageorwedding,28457,kasamjento,kɐzɐmẽtu,s,z,voi
mast,28547,mastil,maʃtɾu,s,ʃ,ant
master,28568,amo,dɔnu,m,n,"cor,lab"
master,28568,amo,pɐtɾɐ̃ũ,m,t,"voi,nas,cor,lab,son"
master,28568,amo,sɨɲɔɾ,m,ɲ,"ant,lab,hi"
master,28568,dweɲo,dɔnu,ɲ,n,"ant,cor,hi"
master,28568,dweɲo,pɐtɾɐ̃ũ,d,p,"voi,cor,lab"
master,28568,dweɲo,pɐtɾɐ̃ũ,ɲ,ɾ,"cont,nas,ant,cor,hi,lo"
master,28568,dweɲo,sɨɲɔɾ,d,s,"cont,voi,strid"
master,28568,patɾon,dɔnu,p,d,"voi,cor,lab"
master,28568,patɾon,dɔnu,t,n,"voi,nas,son"
master,28568,patɾon,sɨɲɔɾ,n,ɾ,"cont,nas,hi,lo"
master,28568,patɾon,sɨɲɔɾ,p,s,"cont,cor,lab,strid"
master,28568,patɾon,sɨɲɔɾ,t,ɲ,"voi,nas,ant,cor,hi,son"
mat,28588,ɛstɛɾa,tɐpɛtɨ,t,p,"cor,lab"
mat,28588,ɛstɛɾa,tɐpɛtɨ,ɾ,t,"cont,voi,hi,lo,son"
match,28619,fosfoɾo,fɔʃfuɾu,s,ʃ,ant
match,28619,θɛɾiʎa,fɔʃfuɾu,ɾ,ʃ,"voi,ant,strid,hi,lo,son"
match,28619,θɛɾiʎa,fɔʃfuɾu,ʎ,ɾ,"ant,hi,lo"
match,28619,θɛɾiʎa,fɔʃfuɾu,θ,f,"cor,lab,strid"
meal,28730,komiða,ʁɨfɐisɐ̃ũ,k,ʁ,"cont,voi,strid,hi"
meal,28730,komiða,ʁɨfɐisɐ̃ũ,m,f,"cont,voi,nas,strid,son"
meal,28730,komiða,ʁɨfɐisɐ̃ũ,ð,s,"voi,strid"
measure,28801,meðiɾ,mɨdiɾ,ð,d,cont
medicine,28913,meðiθina,mɨdikɐmẽtu,n,m,"cor,lab"
medicine,28913,meðiθina,mɨdikɐmẽtu,ð,d,cont
medicine,28913,meðiθina,mɨdikɐmẽtu,θ,k,"cont,ant,cor,back,hi"
medicine,28913,meðiθina,ʁɨmɛdju,m,ʁ,"cont,nas,ant,lab,back,strid,son"
medicine,28913,meðiθina,ʁɨmɛdju,ð,m,"cont,nas,cor,lab,son"
medicine,28913,meðiθina,ʁɨmɛdju,θ,d,"cont,voi"
medicine,28913,remeðjo,mɨdikɐmẽtu,m,k,"voi,nas,ant,lab,back,hi,son"
medicine,28913,remeðjo,mɨdikɐmẽtu,r,d,"cont,hi,lo,son"
medicine,28913,remeðjo,mɨdikɐmẽtu,ð,m,"cont,nas,cor,lab,son"
medicine,28913,remeðjo,ʁɨmɛdju,r,ʁ,"ant,cor,back,strid,hi,lo,son"
medicine,28913,remeðjo,ʁɨmɛdju,ð,d,cont
meetinghouse,29019,kasa+ðe+reunjon,kazɐ+dɨ+ʁeuniɐ̃ũ,s,z,voi
meetinghouse,29019,kasa+ðe+reunjon,kazɐ+dɨ+ʁeuniɐ̃ũ,ð,d,cont
menshouse,29057,kasa+ðe+ombɾes,kazɐ+dɨ+ɔmẽʃ,s,z,voi
menshouse,29057,kasa+ðe+ombɾes,kazɐ+dɨ+ɔmẽʃ,s,ʃ,ant
menshouse,29057,kasa+ðe+ombɾes,kazɐ+dɨ+ɔmẽʃ,ð,d,cont
merchant,29065,komɛɾθjante,nɨgusjɐ̃tɨ,k,n,"voi,nas,ant,cor,back,hi,son"
merchant,29065,komɛɾθjante,nɨgusjɐ̃tɨ,m,g,"nas,ant,lab,back,hi,son"
merchant,29065,komɛɾθjante,nɨgusjɐ̃tɨ,θ,s,strid
mightyorpowerfulorstrong,29227,poðɛɾoso,fɔɾtɨ,p,f,"cont,strid"
mightyorpowerfulorstrong,29227,poðɛɾoso,fɔɾtɨ,s,t,"cont,strid"
mightyorpowerfulorstrong,29227,poðɛɾoso,pudɨɾɔzu,s,z,voi
mightyorpowerfulorstrong,29227,poðɛɾoso,pudɨɾɔzu,ð,d,cont
mill,29285,molino,moiɲu,n,ɲ,"ant,cor,hi"
mirror,29376,ɛspexo,ʃpɐʎu,s,ʃ,ant
mirror,29376,ɛspexo,ʃpɐʎu,x,ʎ,"voi,cor,back,son"
misplace,29449,pɛɾðɛɾ,pɨɾdeɾ,ð,d,cont
missatarget,29495,ɛraɾ,fɐʎaɾ,r,ʎ,"ant,hi,lo"
mix,29582,mistuɾaɾ,miʃtuɾaɾ,s,ʃ,ant
mix,29582,mistuɾaɾ,mɨʃeɾ,s,ʃ,ant
mix,29582,mɛθklaɾ,miʃtuɾaɾ,k,t,"ant,cor,back,hi"
mix,29582,mɛθklaɾ,miʃtuɾaɾ,l,ɾ,"hi,lo"
mix,29582,mɛθklaɾ,miʃtuɾaɾ,θ,ʃ,"ant,strid"
mix,29582,mɛθklaɾ,mɨʃeɾ,θ,ʃ,"ant,strid"
mold,29633,foɾmaɾ,mɔlˠdaɾ,f,m,"cont,voi,nas,strid,son"
mold,29633,foɾmaɾ,mɔlˠdaɾ,m,d,"nas,cor,lab,son"
mold,29633,foɾmaɾ,mɔlˠdaɾ,ɾ,lˠ,"hi,lo"
mold,29633,foɾmaɾ,ɐmɔlˠdaɾ,f,m,"cont,voi,nas,strid,son"
mold,29633,foɾmaɾ,ɐmɔlˠdaɾ,m,d,"nas,cor,lab,son"
mold,29633,foɾmaɾ,ɐmɔlˠdaɾ,ɾ,lˠ,"hi,lo"
mold,29633,moldeaɾ,mɔlˠdaɾ,l,lˠ,hi
mold,29633,moldeaɾ,ɐmɔlˠdaɾ,d,lˠ,"cont,hi,son"
money,29706,dinɛɾo,diɲɐiɾu,n,ɲ,"ant,cor,hi"
monkey,29745,mono,mɐkaku,n,k,"voi,nas,ant,cor,back,hi,son"
month,29776,mes,meʃ,s,ʃ,ant
more,29883,mas,maiʃ,s,ʃ,ant
mortarbinder,29968,aɾɣamasa,ɐɾgɐmasɐ,ɣ,g,cont
motherinlawofwoman,30103,sweɣɾa,sɔgɾɐ,ɣ,g,cont
mountainorhill,30149,loma,mõtɐɲɐ,l,t,"cont,voi,son"
mountainorhill,30149,loma,mõtɐɲɐ,m,ɲ,"ant,lab,hi"
mountainorhill,30149,loma,mɔʁu,l,m,"cont,nas,cor,lab"
mountainorhill,30149,loma,mɔʁu,m,ʁ,"cont,nas,ant,lab,back,strid,son"
mountainorhill,30149,montaɲa,mɔʁu,ɲ,ʁ,"cont,nas,back,strid,hi,son"
mountainorhill,30149,θɛro,mõtɐɲɐ,r,ɲ,"cont,nas,ant,cor,hi,lo"
mountainorhill,30149,θɛro,mõtɐɲɐ,θ,t,cont
mountainorhill,30149,θɛro,mɔʁu,r,ʁ,"ant,cor,back,strid,hi,lo,son"
mountainorhill,30149,θɛro,mɔʁu,θ,m,"cont,voi,nas,cor,lab,son"
move,30251,moβɛɾ,muveɾ,β,v,strid
mow,30317,kosetʃaɾ,sɐifaɾ,k,s,"cont,ant,cor,back,strid,hi"
mow,30317,kosetʃaɾ,sɐifaɾ,s,f,"cor,lab"
mow,30317,kosetʃaɾ,sɨgaɾ,k,s,"cont,ant,cor,back,strid,hi"
mow,30317,seɣaɾ,sɐifaɾ,ɣ,f,"voi,ant,lab,back,strid,hi"
mow,30317,seɣaɾ,sɨgaɾ,ɣ,g,cont
mud,30335,loðo,lɐmɐ,ð,m,"cont,nas,cor,lab,son"
mud,30335,loðo,lɔdu,ð,d,cont
mumble,30359,baɾβotaɾ,muɾmuɾaɾ,b,m,"nas,son"
mumble,30359,baɾβotaɾ,muɾmuɾaɾ,t,ɾ,"cont,voi,hi,lo,son"
mumble,30359,baɾβotaɾ,muɾmuɾaɾ,β,m,"cont,nas,son"
muroidmouseorrat,30399,rata,kɐmũdõgu,r,k,"cont,voi,ant,cor,back,hi,lo,son"
muroidmouseorrat,30399,rata,kɐmũdõgu,t,d,voi
muroidmouseorrat,30399,rata,ʁɐtiɲu,r,ʁ,"ant,cor,back,strid,hi,lo,son"
muroidmouseorrat,30399,raton,kɐmũdõgu,n,g,"nas,ant,cor,back,hi,son"
muroidmouseorrat,30399,raton,kɐmũdõgu,r,k,"cont,voi,ant,cor,back,hi,lo,son"
muroidmouseorrat,30399,raton,kɐmũdõgu,t,d,voi
muroidmouseorrat,30399,raton,ʁɐtiɲu,n,ɲ,"ant,cor,hi"
muroidmouseorrat,30399,raton,ʁɐtiɲu,r,ʁ,"ant,cor,back,strid,hi,lo,son"
naked,30603,dɛsnuðo,dɨʃpidu,n,p,"voi,nas,cor,lab,son"
naked,30603,dɛsnuðo,dɨʃpidu,s,ʃ,ant
naked,30603,dɛsnuðo,dɨʃpidu,ð,d,cont
near,30844,θɛɾka,pɛɾtu,k,t,"ant,cor,back,hi"
near,30844,θɛɾka,pɛɾtu,θ,p,"cont,cor,lab"
necklace,30939,koʎaɾ,kulaɾ,ʎ,l,"ant,hi"
neednoun,31042,neθesiðað,nɨsɨsidadɨ,ð,d,cont
neednoun,31042,neθesiðað,nɨsɨsidadɨ,ð,d,cont
neednoun,31042,neθesiðað,nɨsɨsidadɨ,θ,s,strid
neednoun,31042,neθesiðað,pɾɨsizaɾ,n,p,"voi,nas,cor,lab,son"
neednoun,31042,neθesiðað,pɾɨsizaɾ,ð,z,strid
neednoun,31042,neθesiðað,pɾɨsizaɾ,ð,ɾ,"hi,lo,son"
neednoun,31042,neθesiðað,pɾɨsizaɾ,θ,ɾ,"voi,hi,lo,son"
nephew,31071,soβɾino,subɾiɲu,n,ɲ,"ant,cor,hi"
nephew,31071,soβɾino,subɾiɲu,β,b,cont
nest,31085,niðo,niɲu,ð,ɲ,"cont,nas,ant,cor,hi,son"
nettle,31152,oɾtiɣa,uɾtigɐ,ɣ,g,cont
never,31188,xamas,ʒɐmaiʃ,s,ʃ,ant
never,31188,xamas,ʒɐmaiʃ,x,ʒ,"voi,cor,back,strid,hi"
new,31217,nweβo,nɔvu,β,v,strid
niece,31321,soβɾina,subɾiɲɐ,n,ɲ,"ant,cor,hi"
niece,31321,soβɾina,subɾiɲɐ,β,b,cont
nine,31395,nweβe,nɔvɨ,β,v,strid
noble,31511,noβle,nɔbɾɨ,l,ɾ,"hi,lo"
noble,31511,noβle,nɔbɾɨ,β,b,cont
nose,31596,naɾiθ,nɐɾiʃ,θ,ʃ,"ant,strid"
nothingorzero,31683,naða,nadɐ,ð,d,cont
nothingorzero,31688,θɛɾo,zɛɾu,θ,z,"voi,strid"
nut,31815,nwɛθ,nɔʃ,θ,ʃ,"ant,strid"
oar,31856,remo,ʁɛmu,r,ʁ,"ant,cor,back,strid,hi,lo,son"
oath,31910,xuɾamento,ʒuɾɐmẽtu,x,ʒ,"voi,cor,back,strid,hi"
oilorganicsubstance,32138,aθeite,ɔliu,θ,l,"voi,son"
old,32194,bjexo,vɛʎu,b,v,"cont,strid"
old,32194,bjexo,vɛʎu,x,ʎ,"voi,cor,back,son"
olderbrother,32278,ɛɾmano+maʝoɾ,iɾmɐ̃ũ+maiʃ+vɛʎu,m,v,"cont,nas,strid,son"
olderbrother,32278,ɛɾmano+maʝoɾ,iɾmɐ̃ũ+maiʃ+vɛʎu,n,m,"cor,lab"
olderbrother,32278,ɛɾmano+maʝoɾ,iɾmɐ̃ũ+maiʃ+vɛʎu,ʝ,ʎ,"cor,son"
oldersister,32295,ɛɾmana+maʝoɾ,iɾmɐ̃+maiʃ+vɛʎɐ,m,v,"cont,nas,strid,son"
oldersister,32295,ɛɾmana+maʝoɾ,iɾmɐ̃+maiʃ+vɛʎɐ,n,m,"cor,lab"
oldersister,32295,ɛɾmana+maʝoɾ,iɾmɐ̃+maiʃ+vɛʎɐ,ʝ,ʎ,"cor,son"
oldman,32311,anθjano,vɛʎu,n,ʎ,"cont,nas,ant,hi"
oldman,32311,anθjano,vɛʎu,θ,v,"voi,cor,lab,strid"
olive,32353,oliβa,ɐzɐitonɐ,l,z,"strid,son"
olive,32353,oliβa,ɐzɐitonɐ,β,n,"cont,nas,cor,lab,son"
omen,32381,aɣwɛɾo,pɾɨsaʒju,ɣ,s,"voi,ant,cor,back,strid,hi"
omen,32381,aɣwɛɾo,pɾɨsaʒju,ɾ,j,"ant,cor,hi,lo"
omen,32381,pɾesaxjo,pɾɨsaʒju,x,ʒ,"voi,cor,back,strid,hi"
open,32602,aβɾiɾ,ɐbɛɾtu,β,b,cont
open,32602,aβɾiɾ,ɐbɾiɾ,β,b,cont
ornament,32720,oɾnato,ɐdɔɾnu,t,n,"voi,nas,son"
ornament,32720,oɾnato,ɐdɔɾnu,ɾ,d,"cont,hi,lo,son"
ornament,32720,oɾnato,ẽfɐitɨ,n,f,"cont,voi,nas,cor,lab,strid,son"
outrigger,32810,batanga,ʒɐ̃gadɐ,b,ʒ,"cont,ant,cor,lab,strid"
outrigger,32810,batanga,ʒɐ̃gadɐ,n,d,"nas,son"
outrigger,32810,batanga,ʒɐ̃gadɐ,t,g,"voi,ant,cor,back,hi"
owe,32873,deβɛɾ,dɨveɾ,β,v,strid
owl,32899,letʃuθa,kuɾuʒɐ,l,k,"cont,voi,ant,cor,back,hi,son"
owl,32899,letʃuθa,kuɾuʒɐ,θ,ʒ,"voi,ant,strid"
paddle,33026,remo+koɾto,ʁɛmu,r,ʁ,"ant,cor,back,strid,hi,lo,son"
palmofhand,33183,palma+ðe+la+mano,palˠmɐ+dɨ+mɐ̃ũ,l,d,"cont,son"
palmofhand,33183,palma+ðe+la+mano,palˠmɐ+dɨ+mɐ̃ũ,l,lˠ,hi
palmtree,33218,palmɛɾa,palˠmɐiɾɐ,l,lˠ,hi
pan,33239,kaθwela,pɐnɛlɐ,k,p,"ant,lab,back,hi"
pan,33239,kaθwela,pɐnɛlɐ,θ,n,"cont,voi,nas,son"
pan,33239,kaθɛɾola,pɐnɛlɐ,k,p,"ant,lab,back,hi"
pan,33239,kaθɛɾola,pɐnɛlɐ,θ,n,"cont,voi,nas,son"
parents,33286,paðɾes,paiʃ,s,ʃ,ant
path,33563,kamino,kɐmiɲu,n,ɲ,"ant,cor,hi"
pay,33674,paɣaɾ,pɐgaɾ,ɣ,g,cont
peace,33721,paθ,paʃ,θ,ʃ,"ant,strid"
pen,33761,pluma,kɐnɛtɐ,l,n,"cont,nas"
pen,33761,pluma,kɐnɛtɐ,m,t,"voi,nas,cor,lab,son"
pen,33761,pluma,kɐnɛtɐ,p,k,"ant,lab,back,hi"
people,33816,pweβlo,pɔvu,β,v,strid
people,33816,xente,pɔvu,t,v,"cont,voi,cor,lab,strid"
people,33816,xente,pɔvu,x,p,"cont,ant,lab,back,hi"
perjury,33907,pɛɾxuɾjo,pɨɾʒuɾju,x,ʒ,"voi,cor,back,strid,hi"
pestle,34012,mano+ðe+moɾtɛɾo,mɐ̃ũ+dɨ+pilɐ̃ũ,t,p,"cor,lab"
pestle,34012,mano+ðe+moɾtɛɾo,mɐ̃ũ+dɨ+pilɐ̃ũ,ð,d,cont
pestle,34012,mano+ðe+moɾtɛɾo,mɐ̃ũ+dɨ+pilɐ̃ũ,ɾ,l,"hi,lo"
physician,34033,doktoɾ,mɛdiku,d,m,"nas,cor,lab,son"
physician,34033,doktoɾ,mɛdiku,k,d,"voi,ant,cor,back,hi"
physician,34033,meðiko,mɛdiku,ð,d,cont
pig,34244,θɛɾðo,pɔɾku,ð,k,"cont,voi,ant,cor,back,hi"
pig,34244,θɛɾðo,pɔɾku,θ,p,"cont,cor,lab"
pileup,34311,amontonaɾ,ẽpiʎaɾ,n,ʎ,"cont,nas,ant,hi"
pileup,34311,amontonaɾ,ẽpiʎaɾ,t,p,"cor,lab"
pillow,34341,almoaða,alˠmufadɐ,l,lˠ,hi
pillow,34341,almoaða,alˠmufadɐ,ð,d,cont
pillow,34341,almoaða,tɾɐvɨsɐiɾu,l,ɾ,"hi,lo"
pillow,34341,almoaða,tɾɐvɨsɐiɾu,ð,s,"voi,strid"
pinch,34392,peʎiθkaɾ,bɨliʃkaɾ,p,b,voi
pinch,34392,peʎiθkaɾ,bɨliʃkaɾ,ʎ,l,"ant,hi"
pinch,34392,peʎiθkaɾ,bɨliʃkaɾ,θ,ʃ,"ant,strid"
pine,34413,pino,piɲɐiɾu,n,ɲ,"ant,cor,hi"
piss,34477,meaɾ,uɾinaɾ,m,ɾ,"cont,nas,cor,lab,hi,lo"
pitchfork,34505,oɾkɛta,fuɾkadu,t,d,voi
pitchfork,34505,oɾkɛta,fuɾkiʎɐ,t,ʎ,"cont,voi,ant,hi,son"
pity,34536,lastima,kõpɐiʃɐ̃ũ,l,k,"cont,voi,ant,cor,back,hi,son"
pity,34536,lastima,kõpɐiʃɐ̃ũ,m,ʃ,"cont,voi,nas,ant,cor,lab,strid,son"
pity,34536,lastima,kõpɐiʃɐ̃ũ,t,p,"cor,lab"
pity,34536,lastima,pɛnɐ,m,n,"cor,lab"
pity,34536,lastima,pɛnɐ,t,p,"cor,lab"
placeposition,34564,luɣaɾ,lugaɾ,ɣ,g,cont
placeposition,34564,luɣaɾ,ʃpasu,l,ʃ,"voi,ant,strid,son"
plain,34632,ʎanuɾa,kɐ̃pu,n,p,"voi,nas,cor,lab,son"
plain,34632,ʎanuɾa,kɐ̃pu,ʎ,k,"cont,voi,cor,back,son"
plain,34632,ʎanuɾa,sɐvɐ̃na,n,v,"cont,nas,cor,lab,strid,son"
plain,34632,ʎanuɾa,sɐvɐ̃na,ɾ,n,"cont,nas,hi,lo"
plain,34632,ʎanuɾa,sɐvɐ̃na,ʎ,s,"voi,ant,strid,hi,son"
plain,34643,kampo,plɐnisiɨ,k,p,"ant,lab,back,hi"
plain,34643,kampo,plɐnisiɨ,m,n,"cor,lab"
plain,34643,kampo,plɐnisiɨ,p,s,"cont,cor,lab,strid"
plain,34643,pampa,plɐnisiɨ,m,n,"cor,lab"
plain,34643,pampa,plɐnisiɨ,p,s,"cont,cor,lab,strid"
plaintiff,34666,demandante,kwɐiʃɔzu,d,k,"voi,ant,cor,back,hi"
plaintiff,34666,demandante,kwɐiʃɔzu,d,ʃ,"cont,voi,ant,strid"
plaintiff,34666,demandante,kwɐiʃɔzu,t,z,"cont,voi,strid"
plantsomething,34684,plantaɾ,sɨmiaɾ,l,s,"voi,strid,son"
plantsomething,34684,plantaɾ,sɨmiaɾ,n,m,"cor,lab"
plantsomething,34684,sembɾaɾ,plɐ̃taɾ,b,t,"voi,cor,lab"
plantsomething,34684,sembɾaɾ,plɐ̃taɾ,s,p,"cont,cor,lab,strid"
plate,34736,plato,pɾatu,l,ɾ,"hi,lo"
play,34774,xuɣaɾ,bɾĩkaɾ,x,b,"cont,voi,ant,lab,back,hi"
play,34774,xuɣaɾ,bɾĩkaɾ,ɣ,k,"cont,voi"
plot,34823,konspiɾaθjon,kõʃpiɾɐsɐ̃ũ,s,ʃ,ant
plot,34823,konspiɾaθjon,kõʃpiɾɐsɐ̃ũ,θ,s,strid
pocket,34871,bolsiʎo,bɔlˠsu,l,lˠ,hi
poison,34948,beneno,vɨnɛnu,b,v,"cont,strid"
poncho,34970,pontʃo,põʃu,n,ʃ,"cont,voi,nas,ant,strid,son"
poncho,34970,rwana,põʃu,n,ʃ,"cont,voi,nas,ant,strid,son"
poncho,34970,rwana,põʃu,w,p,"cont,voi,ant,back,round,hi,son"
potato,35141,papa,bɐtatɐ,p,b,voi
potato,35141,papa,bɐtatɐ,p,t,"cor,lab"
pound,35206,matʃakaɾ+kon+ɛl+puɲo,bɐteɾ+kõ+u+puɲu,k,t,"ant,cor,back,hi"
pound,35206,matʃakaɾ+kon+ɛl+puɲo,bɐteɾ+kõ+u+puɲu,m,b,"nas,son"
pour,35227,dɛramaɾ,vɨɾteɾ,d,v,"cont,cor,lab,strid"
pour,35227,dɛramaɾ,vɨɾteɾ,m,t,"voi,nas,cor,lab,son"
pour,35227,dɛramaɾ,vɨɾteɾ,r,ɾ,
pour,35237,baθjaɾ,dɨʃpɨʒaɾ,b,d,"cor,lab"
pour,35237,baθjaɾ,dɨʃpɨʒaɾ,θ,ʃ,"ant,strid"
praise,35348,ɛksaltaɾ,iluʒjaɾ,l,ʒ,"ant,strid,son"
praise,35348,ɛksaltaɾ,iluʒjaɾ,s,l,"voi,strid,son"
praise,35348,ɛksaltaɾ,iluʒjaɾ,t,j,"cont,voi,ant,cor,hi,son"
preach,35391,pɾeðikaɾ,pɾɨgaɾ,k,g,voi
precipice,35426,akantilaðo,pɨɲaʃku,k,p,"ant,lab,back,hi"
precipice,35426,akantilaðo,pɨɲaʃku,l,ʃ,"voi,ant,strid,son"
precipice,35426,akantilaðo,pɨɲaʃku,n,ɲ,"ant,cor,hi"
precipice,35426,akantilaðo,pɨɲaʃku,ð,k,"cont,voi,ant,cor,back,hi"
precipice,35426,baranka,pɨɲaʃku,b,p,voi
precipice,35426,baranka,pɨɲaʃku,n,ʃ,"cont,voi,nas,ant,strid,son"
precipice,35426,baranka,pɨɲaʃku,r,ɲ,"cont,nas,ant,cor,hi,lo"
pregnant,35452,pɾeɲaða,gɾavidɐ,p,g,"voi,ant,lab,back,hi"
pregnant,35452,pɾeɲaða,gɾavidɐ,ð,d,cont
pregnant,35452,pɾeɲaða,gɾavidɐ,ɲ,v,"cont,nas,ant,lab,strid,hi,son"
preserve,35520,konsɛɾβaɾ,pɾɨzɨɾvaɾ,k,p,"ant,lab,back,hi"
preserve,35520,konsɛɾβaɾ,pɾɨzɨɾvaɾ,s,z,voi
preserve,35520,konsɛɾβaɾ,pɾɨzɨɾvaɾ,β,v,strid
preserve,35520,pɾotexɛɾ,pɾɨzɨɾvaɾ,t,z,"cont,voi,strid"
preserve,35520,pɾotexɛɾ,pɾɨzɨɾvaɾ,x,v,"voi,ant,lab,back,strid,hi"
price,35635,pɾeθjo,pɾɛsu,θ,s,strid
priest,35682,pɾɛsβitɛɾo,sɐsɨɾdɔtɨ,p,s,"cont,cor,lab,strid"
priest,35682,pɾɛsβitɛɾo,sɐsɨɾdɔtɨ,t,d,voi
priest,35682,pɾɛsβitɛɾo,sɐsɨɾdɔtɨ,ɾ,t,"cont,voi,hi,lo,son"
prison,35692,kaɾθɛl,pɾizɐ̃ũ,k,p,"ant,lab,back,hi"
prisoner,35717,kautiβo,kɐtivu,β,v,strid
prisoner,35717,kautiβo,pɾizjunɐiɾu,k,p,"ant,lab,back,hi"
prisoner,35717,kautiβo,pɾizjunɐiɾu,t,z,"cont,voi,strid"
prisoner,35717,kautiβo,pɾizjunɐiɾu,β,n,"cont,nas,cor,lab,son"
prisoner,35717,pɾisjonɛɾo,kɐtivu,p,k,"ant,lab,back,hi"
prisoner,35717,pɾisjonɛɾo,kɐtivu,s,t,"cont,strid"
prisoner,35717,pɾisjonɛɾo,kɐtivu,ɾ,v,"cor,lab,strid,hi,lo,son"
prisoner,35717,pɾisjonɛɾo,pɾizjunɐiɾu,s,z,voi
prostitute,35838,pɾostituta,pɾuʃtitutɐ,s,ʃ,ant
proud,35864,oɾɣuʎoso,oɾguʎɔzu,s,z,voi
proud,35864,oɾɣuʎoso,oɾguʎɔzu,ɣ,g,cont
pubichair,35904,pelo+puβiko,pelu+pubiku,β,b,cont
pull,35922,tiɾaɾ,puʃaɾ,t,p,"cor,lab"
pull,35922,tiɾaɾ,puʃaɾ,ɾ,ʃ,"voi,ant,strid,hi,lo,son"
pull,35922,xalaɾ,puʃaɾ,l,ʃ,"voi,ant,strid,son"
pull,35922,xalaɾ,puʃaɾ,x,p,"cont,ant,lab,back,hi"
pulloffskin,35950,desoʎaɾ,ʃfulaɾ,d,ʃ,"cont,voi,ant,strid"
pulloffskin,35950,desoʎaɾ,ʃfulaɾ,s,f,"cor,lab"
pulloffskin,35950,desoʎaɾ,ʃfulaɾ,ʎ,l,"ant,hi"
pumpkin,35982,kalaβaθa,ɐbɔbuɾɐ,l,b,"cont,cor,lab,son"
pumpkin,35982,kalaβaθa,ɐbɔbuɾɐ,β,b,cont
pumpkin,35982,kalaβaθa,ɐbɔbuɾɐ,θ,ɾ,"voi,hi,lo,son"
pumpkin,35982,kalaβaθo,ɐbɔbuɾɐ,l,b,"cont,cor,lab,son"
pumpkin,35982,kalaβaθo,ɐbɔbuɾɐ,β,b,cont
pumpkin,35982,kalaβaθo,ɐbɔbuɾɐ,θ,ɾ,"voi,hi,lo,son"
pumpkin,35982,θapaʎo,ɐbɔbuɾɐ,p,b,voi
pumpkin,35982,θapaʎo,ɐbɔbuɾɐ,ʎ,ɾ,"ant,hi,lo"
pumpkin,35982,θapaʎo,ɐbɔbuɾɐ,θ,b,"cont,voi,cor,lab"
punishment,35997,kastiɣo,punisɐ̃ũ,k,p,"ant,lab,back,hi"
punishment,35997,kastiɣo,punisɐ̃ũ,t,n,"voi,nas,son"
punishment,35997,kastiɣo,punisɐ̃ũ,ɣ,s,"voi,ant,cor,back,strid,hi"
pursue,36051,pɛɾseɣiɾ,pɨɾsɨgiɾ,ɣ,g,cont
pus,36069,pus,puʃ,s,ʃ,ant
puton,36143,bɛstiɾse,vɨʃtiɾ,b,v,"cont,strid"
puton,36143,bɛstiɾse,vɨʃtiɾ,s,ʃ,ant
quarrel,36208,disputa,diʃputɐ,s,ʃ,ant
quarrel,36208,disputa,lutɐ,d,l,"cont,son"
quarrel,36208,lutʃa,diʃputɐ,l,d,"cont,son"
quarrel,36208,pleito,diʃputɐ,l,ʃ,"voi,ant,strid,son"
quarrel,36208,pleito,diʃputɐ,p,d,"voi,cor,lab"
queen,36236,reina,ʁaiɲɐ,n,ɲ,"ant,cor,hi"
rabbit,36264,konexo,kuɐʎu,x,ʎ,"voi,cor,back,son"
rag,36352,tɾapo,lẽsu,p,s,"cont,cor,lab,strid"
rag,36352,tɾapo,lẽsu,ɾ,l,"hi,lo"
rag,36354,paɲwelo,tɾapu,l,p,"cont,voi,cor,lab,son"
rag,36354,paɲwelo,tɾapu,p,t,"cor,lab"
rag,36354,paɲwelo,tɾapu,ɲ,ɾ,"cont,nas,ant,cor,hi,lo"
rainprecipitation,36422,ʎuβja,ʃuvɐ,ʎ,ʃ,"voi,strid,hi,son"
rainprecipitation,36422,ʎuβja,ʃuvɐ,β,v,strid
rake,36494,rastɾiʎo,ɐ̃siɲu,ʎ,ɲ,"cont,nas,cor"
rake,36494,rastɾo,ɐ̃siɲu,ɾ,ɲ,"cont,nas,ant,cor,hi,lo"
rape,36543,bjolaθjon,vjulɐsɐ̃ũ,b,v,"cont,strid"
rape,36543,bjolaθjon,vjulɐsɐ̃ũ,θ,s,strid
rape,36543,bjolaθjon,ʃtupɾu,j,ɾ,"ant,cor,hi,lo"
rape,36543,bjolaθjon,ʃtupɾu,j,ʃ,"voi,cor,strid,hi,son"
rape,36543,bjolaθjon,ʃtupɾu,l,t,"cont,voi,son"
rape,36543,bjolaθjon,ʃtupɾu,θ,p,"cont,cor,lab"
rattle,36571,kaskaβɛl,gizu,k,g,voi
rattle,36571,kaskaβɛl,gizu,s,z,voi
rattle,36571,kaskaβɛl,mɐtɾakɐ,k,m,"voi,nas,ant,lab,back,hi,son"
rattle,36571,kaskaβɛl,mɐtɾakɐ,k,ɾ,"cont,voi,ant,cor,back,hi,lo,son"
rattle,36571,kaskaβɛl,mɐtɾakɐ,s,t,"cont,strid"
rattle,36571,kaskaβɛl,mɐtɾakɐ,β,k,"cont,voi,ant,lab,back,hi"
rattle,36571,matɾaka,gizu,m,g,"nas,ant,lab,back,hi,son"
rattle,36571,matɾaka,gizu,t,z,"cont,voi,strid"
razor,36642,naβaxa+ðe+afeitaɾ,nɐvaʎɐ+dɨ+baɾbɐ,f,b,"cont,voi,strid"
razor,36642,naβaxa+ðe+afeitaɾ,nɐvaʎɐ+dɨ+baɾbɐ,t,b,"voi,cor,lab"
razor,36642,naβaxa+ðe+afeitaɾ,nɐvaʎɐ+dɨ+baɾbɐ,x,ʎ,"voi,cor,back,son"
razor,36642,naβaxa+ðe+afeitaɾ,nɐvaʎɐ+dɨ+baɾbɐ,ð,d,cont
razor,36642,naβaxa+ðe+afeitaɾ,nɐvaʎɐ+dɨ+baɾbɐ,β,v,strid
ready,36685,listo,pɾõtu,l,p,"cont,voi,cor,lab,son"
ready,36685,pɾepaɾaðo,pɾõtu,ð,t,"cont,voi"
reef,36849,areθife,ʁɨsifɨ,θ,s,strid
refuse,36868,reusaɾ,ʁɨkuzaɾ,r,ʁ,"ant,cor,back,strid,hi,lo,son"
refuse,36868,reusaɾ,ʁɨkuzaɾ,s,z,voi
relatives,36943,paɾentela,pɐɾẽtɨʃ,l,ʃ,"voi,ant,strid,son"
relatives,36943,paɾjentes,pɐɾẽtɨʃ,s,ʃ,ant
religion,36994,relixjon,ʁɨliʒiɐ̃ũ,j,ʒ,"cor,strid,hi,son"
religion,36994,relixjon,ʁɨliʒiɐ̃ũ,r,ʁ,"ant,cor,back,strid,hi,lo,son"
rest,37251,dɛskansaɾ,dɨʃkɐ̃saɾ,s,ʃ,ant
retreat,37337,rɛtiɾaɾse,ʁɨtiɾaɾsɨ,r,ʁ,"ant,cor,back,strid,hi,lo,son"
rib,37359,kostiʎa,kuʃtɛlɐ,s,ʃ,ant
rib,37359,kostiʎa,kuʃtɛlɐ,ʎ,l,"ant,hi"
rice,37397,aroθ,ɐʁɔʃ,r,ʁ,"ant,cor,back,strid,hi,lo,son"
rice,37397,aroθ,ɐʁɔʃ,θ,ʃ,"ant,strid"
rich,37450,riko,ʁiku,r,ʁ,"ant,cor,back,strid,hi,lo,son"
ring,37548,aniʎo,ɐnɛlˠ,ʎ,lˠ,ant
ring,37548,soɾtixa,ɐnɛlˠ,t,n,"voi,nas,son"
ring,37548,soɾtixa,ɐnɛlˠ,x,lˠ,"voi,ant,cor,back,son"
ripe,37647,maðuɾo,mɐduɾu,ð,d,cont
risemoveupwards,37709,asendɛɾ,subiɾ,d,b,"cor,lab"
road,37765,karɛtɛɾa,kɐmiɲu,t,m,"voi,nas,cor,lab,son"
road,37765,karɛtɛɾa,kɐmiɲu,ɾ,ɲ,"cont,nas,ant,cor,hi,lo"
roastorfry,37843,asaɾ,fɾitaɾ,s,t,"cont,strid"
roastorfry,37843,asaɾ,fɾiʒiɾ,s,ʒ,"voi,ant"
roastorfry,37843,fɾeiɾ,ɐsaɾ,ɾ,s,"voi,strid,hi,lo,son"
roll,37886,aroʎaɾ,ʁulaɾ,ʎ,l,"ant,hi"
roll,37886,enroʎaɾ,ʁulaɾ,ʎ,l,"ant,hi"
roll,37886,roðaɾ,ʁulaɾ,r,ʁ,"ant,cor,back,strid,hi,lo,son"
roll,37886,roðaɾ,ʁulaɾ,ð,l,son
room,37956,pjeθa,kwaɾtu,j,w,"lab,back,round"
room,37956,pjeθa,kwaɾtu,p,k,"ant,lab,back,hi"
room,37956,pjeθa,kwaɾtu,θ,t,cont
rooster,37972,gaʎo,galu,ʎ,l,"ant,hi"
rope,38092,kwɛɾða,kuɾdɛlˠ,ɾ,d,"cont,hi,lo,son"
rope,38092,kwɛɾða,kɔɾdɐ,ð,d,cont
rope,38092,soɣa,kuɾdɛlˠ,s,k,"cont,ant,cor,back,strid,hi"
rope,38092,soɣa,kuɾdɛlˠ,ɣ,d,"cont,ant,cor,back,hi"
rope,38092,soɣa,kɔɾdɐ,s,k,"cont,ant,cor,back,strid,hi"
rope,38092,soɣa,kɔɾdɐ,ɣ,d,"cont,ant,cor,back,hi"
rotten,38135,poðɾiðo,pɔdɾɨ,ð,d,cont
rough,38153,aspɛɾo,aʃpɨɾu,s,ʃ,ant
roughofsea,38178,axitaðo,tẽpɨʃtuɔzu,x,p,"cont,ant,lab,back,hi"
roughofsea,38178,axitaðo,tẽpɨʃtuɔzu,ð,z,strid
roughofsea,38178,boraskoso,tẽpɨʃtuɔzu,b,t,"voi,cor,lab"
roughofsea,38178,boraskoso,tẽpɨʃtuɔzu,k,t,"ant,cor,back,hi"
roughofsea,38178,boraskoso,tẽpɨʃtuɔzu,r,p,"cont,voi,cor,lab,hi,lo,son"
roughofsea,38178,boraskoso,tẽpɨʃtuɔzu,s,z,voi
roughofsea,38178,boraskoso,tẽpɨʃtuɔzu,s,ʃ,ant
row,38280,remaɾ,ʁɨmaɾ,r,ʁ,"ant,cor,back,strid,hi,lo,son"
rub,38320,enxuɣaɾ,ʃfɾɨgaɾ,n,f,"cont,voi,nas,cor,lab,strid,son"
rub,38320,enxuɣaɾ,ʃfɾɨgaɾ,x,ɾ,"voi,ant,cor,back,hi,lo,son"
rub,38320,enxuɣaɾ,ʃfɾɨgaɾ,ɣ,g,cont
rub,38320,fɾotaɾ,ʃfɾɨgaɾ,t,g,"voi,ant,cor,back,hi"
rudder,38382,timon,lɛmɨ,t,l,"cont,voi,son"
rug,38410,tapɛte,kɐɾpɛtɨ,t,k,"ant,cor,back,hi"
rule,38451,goβɛɾnaɾ,guvɨɾnaɾ,β,v,strid
rye,38568,θenteno,sẽtɐiu,θ,s,strid
sacrifice,38599,ofɾenda,sɐkɾifisju,d,s,"cont,voi,strid"
sacrifice,38599,ofɾenda,sɐkɾifisju,f,k,"cont,ant,lab,back,strid,hi"
sacrifice,38599,ofɾenda,sɐkɾifisju,n,f,"cont,voi,nas,cor,lab,strid,son"
sacrifice,38599,sakɾifiθjo,ofɨɾẽdɐ,f,ɾ,"voi,cor,lab,strid,hi,lo,son"
sacrifice,38599,sakɾifiθjo,ofɨɾẽdɐ,k,f,"cont,ant,lab,back,strid,hi"
sacrifice,38599,sakɾifiθjo,ofɨɾẽdɐ,θ,d,"cont,voi"
sacrifice,38599,sakɾifiθjo,sɐkɾifisju,θ,s,strid
sail,38648,naβeɣaɾ,nɐvɨgaɾ,ɣ,g,cont
sail,38648,naβeɣaɾ,nɐvɨgaɾ,β,v,strid
sailcloth,38669,bela,vɛlɐ,b,v,"cont,strid"
salt,38695,sal,salˠ,l,lˠ,hi
saturday,38856,saβaðo,sabɐdu,ð,d,cont
saturday,38856,saβaðo,sabɐdu,β,b,cont
sausage,38907,saltʃitʃa,ʃoɾisu,l,ɾ,"hi,lo"
sausage,38907,saltʃitʃa,ʃoɾisu,s,ʃ,ant
scar,39000,θikatɾiθ,sikɐtɾiʃ,θ,s,strid
scar,39000,θikatɾiθ,sikɐtɾiʃ,θ,ʃ,"ant,strid"
school,39019,kolexjo,ʃkɔlɐ,j,l,"ant,cor,hi"
school,39019,kolexjo,ʃkɔlɐ,k,ʃ,"cont,cor,back,strid,hi"
school,39019,kolexjo,ʃkɔlɐ,l,k,"cont,voi,ant,cor,back,hi,son"
school,39019,ɛskwela,ʃkɔlɐ,s,ʃ,ant
scorpion,39065,alakɾan,ʃkuɾpiɐ̃ũ,k,ɾ,"cont,voi,ant,cor,back,hi,lo,son"
scorpion,39065,alakɾan,ʃkuɾpiɐ̃ũ,l,k,"cont,voi,ant,cor,back,hi,son"
scorpion,39065,alakɾan,ʃkuɾpiɐ̃ũ,ɾ,p,"cont,voi,cor,lab,hi,lo,son"
scorpion,39065,ɛskoɾpjon,ʃkuɾpiɐ̃ũ,s,ʃ,ant
scrape,39106,raspaɾ,ʁɐʃpaɾ,r,ʁ,"ant,cor,back,strid,hi,lo,son"
scrape,39106,raspaɾ,ʁɐʃpaɾ,s,ʃ,ant
scrape,39106,raʎaɾ,ʁɐʃpaɾ,r,ʁ,"ant,cor,back,strid,hi,lo,son"
scrape,39106,raʎaɾ,ʁɐʃpaɾ,ʎ,ʃ,"voi,strid,hi,son"
seagull,39281,gaβjota,gɐivɔtɐ,β,v,strid
secret,39346,sekɾɛto,sɨgɾɛdu,k,g,voi
secret,39346,sekɾɛto,sɨgɾɛdu,t,d,voi
seed,39399,semiʎa,sɨmẽtɨ,ʎ,t,"cont,voi,ant,hi,son"
seize,39528,aɣaraɾ,ɐgɐʁaɾ,r,ʁ,"ant,cor,back,strid,hi,lo,son"
seize,39528,aɣaraɾ,ɐgɐʁaɾ,ɣ,g,cont
seize,39528,koxɛɾ,ɐgɐʁaɾ,k,g,voi
seize,39528,koxɛɾ,ɐgɐʁaɾ,x,ʁ,"voi,strid,hi"
sell,39602,bendɛɾ,vẽdeɾ,b,v,"cont,strid"
send,39647,embjaɾ,ẽvjaɾ,b,v,"cont,strid"
separate,39693,apaɾtaɾ,sɨpɐɾaɾ,t,ɾ,"cont,voi,hi,lo,son"
servant,39772,kɾjaðo,sɛɾvu,ð,v,"cor,lab,strid"
servant,39772,kɾjaðo,sɛɾvu,ɾ,s,"voi,strid,hi,lo,son"
servant,39772,siɾβjente,sɛɾvu,β,v,strid
shake,39971,sakuðiɾ,ɐʒitaɾ,k,ʒ,"cont,voi,cor,back,strid,hi"
shake,39971,sakuðiɾ,ɐʒitaɾ,ð,t,"cont,voi"
shallow,40048,baxo,baiʃu,x,ʃ,"cor,back,strid,hi"
shallow,40048,baxo,ʁazu,b,ʁ,"cont,ant,lab,back,strid"
shallow,40048,baxo,ʁazu,x,z,"voi,ant,cor,back,strid,hi"
share,40087,distɾiβwiɾ,diʃtɾibuiɾ,s,ʃ,ant
share,40087,distɾiβwiɾ,diʃtɾibuiɾ,β,b,cont
share,40087,distɾiβwiɾ,kõpɐɾtiʎaɾ,d,k,"voi,ant,cor,back,hi"
share,40087,distɾiβwiɾ,kõpɐɾtiʎaɾ,s,p,"cont,cor,lab,strid"
share,40087,distɾiβwiɾ,kõpɐɾtiʎaɾ,w,ʎ,"cor,lab,back,round"
share,40087,repaɾtiɾ,diʃtɾibuiɾ,p,ʃ,"cont,ant,cor,lab,strid"
share,40087,repaɾtiɾ,diʃtɾibuiɾ,r,d,"cont,hi,lo,son"
share,40087,repaɾtiɾ,kõpɐɾtiʎaɾ,r,k,"cont,voi,ant,cor,back,hi,lo,son"
shark,40107,tiβuɾon,tubɐɾɐ̃ũ,β,b,cont
sharp,40173,afilaðo,ɐfjadu,ð,d,cont
sharp,40173,aɣuθaðo,ɐfjadu,ð,d,cont
sharp,40173,aɣuθaðo,ɐfjadu,ɣ,f,"voi,ant,lab,back,strid,hi"
shears,40217,tixɛɾas,tɨzoɾɐ,x,z,"voi,ant,cor,back,strid,hi"
sheep,40256,oβexa,ovɐʎɐ,x,ʎ,"voi,cor,back,son"
sheep,40256,oβexa,ovɐʎɐ,β,v,strid
shelf,40293,repisa,pɾɐtɨlɐiɾɐ,p,t,"cor,lab"
shelf,40293,repisa,pɾɐtɨlɐiɾɐ,r,ɾ,
shelf,40293,repisa,pɾɐtɨlɐiɾɐ,s,l,"voi,strid,son"
ship,40444,baɾko,navju,b,n,"nas,cor,lab,son"
ship,40444,baɾko,navju,k,j,"cont,voi,back,son"
ship,40444,baɾko,navju,ɾ,v,"cor,lab,strid,hi,lo,son"
ship,40444,buke,navju,b,n,"nas,cor,lab,son"
ship,40444,buke,navju,k,j,"cont,voi,back,son"
shirt,40508,kamisa,kɐmizɐ,s,z,voi
shitdefecate,40517,ɛskɾemento,dɨfɨkaɾ,m,k,"voi,nas,ant,lab,back,hi,son"
shitdefecate,40517,ɛskɾemento,dɨfɨkaɾ,n,ɾ,"cont,nas,hi,lo"
shitdefecate,40517,ɛskɾemento,dɨfɨkaɾ,s,d,"cont,voi,strid"
shitdefecate,40517,ɛskɾemento,dɨfɨkaɾ,ɾ,f,"voi,cor,lab,strid,hi,lo,son"
shoe,40596,θapato,sɐpatu,θ,s,strid
shoemaker,40612,θapatɛɾo,sɐpɐtɐiɾu,θ,s,strid
shoot,40641,dispaɾaɾ,fuzilaɾ,d,f,"cont,voi,cor,lab,strid"
shoot,40641,dispaɾaɾ,fuzilaɾ,s,z,voi
shoot,40641,dispaɾaɾ,fuzilaɾ,ɾ,l,"hi,lo"
shoot,40641,tiɾaɾ,fuzilaɾ,t,z,"cont,voi,strid"
shoot,40641,tiɾaɾ,fuzilaɾ,ɾ,l,"hi,lo"
shore,40734,kosta,kɔʃtɐ,s,ʃ,ant
shore,40734,kosta,maɾʒɐ̃ĩ,k,m,"voi,nas,ant,lab,back,hi,son"
shore,40734,kosta,maɾʒɐ̃ĩ,s,ɾ,"voi,strid,hi,lo,son"
shore,40734,kosta,maɾʒɐ̃ĩ,t,ʒ,"cont,voi,ant,strid"
shore,40734,kosta,pɾaiɐ,k,p,"ant,lab,back,hi"
shore,40734,kosta,pɾaiɐ,s,ɾ,"voi,strid,hi,lo,son"
shore,40734,plaʝa,kɔʃtɐ,p,k,"ant,lab,back,hi"
shore,40734,plaʝa,kɔʃtɐ,ʝ,t,"cont,voi,ant,cor,hi"
shore,40734,plaʝa,maɾʒɐ̃ĩ,p,m,"voi,nas,son"
shore,40734,plaʝa,maɾʒɐ̃ĩ,ʝ,ʒ,"cor,strid,hi"
shore,40734,plaʝa,pɾaiɐ,l,ɾ,"hi,lo"
shore,40734,riβɛɾa,kɔʃtɐ,r,k,"cont,voi,ant,cor,back,hi,lo,son"
shore,40734,riβɛɾa,kɔʃtɐ,ɾ,t,"cont,voi,hi,lo,son"
shore,40734,riβɛɾa,kɔʃtɐ,β,ʃ,"voi,ant,cor,lab,strid"
shore,40734,riβɛɾa,maɾʒɐ̃ĩ,r,m,"cont,nas,cor,lab,hi,lo"
shore,40734,riβɛɾa,maɾʒɐ̃ĩ,ɾ,ʒ,"ant,strid,hi,lo,son"
shore,40734,riβɛɾa,maɾʒɐ̃ĩ,β,ɾ,"cor,lab,hi,lo,son"
shore,40734,riβɛɾa,pɾaiɐ,β,p,"cont,voi"
shoulderblade,40869,ɛskapula,omuplatɐ,l,t,"cont,voi,son"
shoulderblade,40869,ɛskapula,omuplatɐ,p,l,"cont,voi,cor,lab,son"
shoulderblade,40869,ɛskapula,omuplatɐ,s,m,"cont,voi,nas,cor,lab,strid,son"
show,40990,mostɾaɾ,muʃtɾaɾ,s,ʃ,ant
show,40990,seɲalaɾ,muʃtɾaɾ,l,ɾ,"hi,lo"
show,40990,seɲalaɾ,muʃtɾaɾ,s,m,"cont,voi,nas,cor,lab,strid,son"
show,40990,seɲalaɾ,muʃtɾaɾ,ɲ,ʃ,"cont,voi,nas,cor,strid,hi,son"
shriek,41051,tʃiʎaɾ,gĩʃaɾ,ʎ,ʃ,"voi,strid,hi,son"
shut,41094,θɛraɾ,fɨʃaɾ,r,ʃ,"voi,ant,strid,hi,lo,son"
shut,41094,θɛraɾ,fɨʃaɾ,θ,f,"cor,lab,strid"
sick,41179,emfɛɾmeðað,duẽsɐ,m,d,"nas,cor,lab,son"
sick,41179,emfɛɾmeðað,duẽsɐ,ð,s,"voi,strid"
side,41263,laðo,ladu,ð,d,cont
sieveorstrain,41330,kolaɾ,kuɐdoɾ,l,d,"cont,son"
sieveorstrain,41330,kolaɾ,pɨnɐiɾɐ,k,p,"ant,lab,back,hi"
sieveorstrain,41330,kolaɾ,pɨnɐiɾɐ,l,n,"cont,nas"
sieveorstrain,41330,kɾiβaɾ,kuɐdoɾ,β,d,"cont,cor,lab"
sieveorstrain,41330,kɾiβaɾ,pɨnɐiɾɐ,k,p,"ant,lab,back,hi"
sieveorstrain,41330,θɛɾnɛɾ,kuaɾ,θ,k,"cont,ant,cor,back,hi"
sieveorstrain,41330,θɛɾnɛɾ,kuɐdoɾ,n,d,"nas,son"
sieveorstrain,41330,θɛɾnɛɾ,kuɐdoɾ,θ,k,"cont,ant,cor,back,hi"
sieveorstrain,41330,θɛɾnɛɾ,pɨnɐiɾɐ,ɾ,n,"cont,nas,hi,lo"
sieveorstrain,41330,θɛɾnɛɾ,pɨnɐiɾɐ,θ,p,"cont,cor,lab"
similar,41479,paɾeθiðo,pɐɾɨsidu,ð,d,cont
similar,41479,paɾeθiðo,pɐɾɨsidu,θ,s,strid
similar,41479,semexante,pɐɾɨsidu,m,ɾ,"cont,nas,cor,lab,hi,lo"
similar,41479,semexante,pɐɾɨsidu,s,p,"cont,cor,lab,strid"
similar,41479,semexante,pɐɾɨsidu,t,d,voi
similar,41479,semexante,pɐɾɨsidu,x,s,"ant,cor,back,strid,hi"
sinkdescend,41573,undiɾ,ɐfũdaɾ,n,f,"cont,voi,nas,cor,lab,strid,son"
six,41745,seis,sɐiʃ,s,ʃ,ant
skin,41856,peʎexo,pɛlɨ,ʎ,l,"ant,hi"
skull,41922,kalaβɛɾa,kɐvɐiɾɐ,β,v,strid
slave,42025,ɛsklaβo,ʃkɾavu,l,ɾ,"hi,lo"
slave,42025,ɛsklaβo,ʃkɾavu,s,ʃ,ant
slave,42025,ɛsklaβo,ʃkɾavu,β,v,strid
slip,42199,rɛsβalaɾ,ʁɨʒvɐlaɾ,r,ʁ,"ant,cor,back,strid,hi,lo,son"
slip,42199,rɛsβalaɾ,ʁɨʒvɐlaɾ,s,ʒ,"voi,ant"
slip,42199,rɛsβalaɾ,ʁɨʒvɐlaɾ,β,v,strid
slip,42199,rɛsβalaɾ,ʃkuʁɨgaɾ,l,g,"cont,ant,cor,back,hi,son"
slip,42199,rɛsβalaɾ,ʃkuʁɨgaɾ,r,ʃ,"voi,ant,strid,hi,lo,son"
slip,42199,rɛsβalaɾ,ʃkuʁɨgaɾ,β,ʁ,"ant,lab,back,strid"
slow,42257,dɛspaθjo,dɨvɐgaɾ,p,v,"cont,voi,strid"
slow,42257,dɛspaθjo,dɨvɐgaɾ,θ,g,"cont,voi,ant,cor,back,hi"
slow,42257,dɛspaθjo,vɐgɐɾɔzu,d,v,"cont,cor,lab,strid"
slow,42257,dɛspaθjo,vɐgɐɾɔzu,j,z,"ant,cor,strid,hi,son"
slow,42257,dɛspaθjo,vɐgɐɾɔzu,s,g,"cont,voi,ant,cor,back,strid,hi"
smellstink,42386,olɛɾ,ʃɐiɾaɾ,l,ɾ,"hi,lo"
smooth,42506,liso,lizu,s,z,voi
smooth,42506,swaβe,lizu,s,l,"voi,strid,son"
smooth,42506,swaβe,lizu,β,z,"cor,lab,strid"
sneeze,42617,ɛstoɾnuðaɾ,ʃpiʁaɾ,s,ʃ,ant
sneeze,42617,ɛstoɾnuðaɾ,ʃpiʁaɾ,t,p,"cor,lab"
sneeze,42617,ɛstoɾnuðaɾ,ʃpiʁaɾ,ð,ʁ,"ant,cor,back,strid"
sniff,42619,usmeaɾ,fũgaɾ,s,f,"cor,lab"
sniff,42619,usmeaɾ,fɐɾɨʒaɾ,s,ɾ,"voi,strid,hi,lo,son"
snore,42639,ronkaɾ,ʁõkaɾ,r,ʁ,"ant,cor,back,strid,hi,lo,son"
snore,42639,ronkaɾ,ʁɨsunaɾ,k,n,"voi,nas,ant,cor,back,hi,son"
snore,42639,ronkaɾ,ʁɨsunaɾ,n,s,"cont,voi,nas,strid,son"
snore,42639,ronkaɾ,ʁɨsunaɾ,r,ʁ,"ant,cor,back,strid,hi,lo,son"
snow,42669,njeβe,nɛvɨ,β,v,strid
soap,42730,xaβon,sɐbɐ̃ũ,x,s,"ant,cor,back,strid,hi"
soap,42730,xaβon,sɐbɐ̃ũ,β,b,cont
soldier,42807,soldaðo,sɔlˠdadu,l,lˠ,hi
soldier,42807,soldaðo,sɔlˠdadu,ð,d,cont
sometimes,42849,a+βeθes,aʃ+vɛzɨʃ,s,ʃ,ant
sometimes,42849,a+βeθes,aʃ+vɛzɨʃ,β,v,strid
sometimes,42849,a+βeθes,aʃ+vɛzɨʃ,θ,z,"voi,strid"
soul,43100,alma,alˠmɐ,l,lˠ,hi
soundornoise,43159,rwiðo,bɐɾuʎu,r,b,"cont,cor,lab,hi,lo,son"
soundornoise,43159,rwiðo,bɐɾuʎu,ð,ʎ,"ant,hi,son"
soundornoise,43159,rwiðo,ʁuidu,r,ʁ,"ant,cor,back,strid,hi,lo,son"
soundornoise,43159,rwiðo,ʁuidu,ð,d,cont
sour,43274,aθiðo,asidu,ð,d,cont
sour,43274,aθiðo,asidu,θ,s,strid
sour,43274,aθiðo,ɐzɛdu,ð,d,cont
sour,43274,aθiðo,ɐzɛdu,θ,z,"voi,strid"
sowfemalepig,43352,θɛɾða,pɔɾkɐ,ð,k,"cont,voi,ant,cor,back,hi"
sowfemalepig,43352,θɛɾða,pɔɾkɐ,θ,p,"cont,cor,lab"
sowseeds,43387,dɛsparamaɾ,sɨmiaɾ,d,s,"cont,voi,strid"
sowseeds,43387,dɛsparamaɾ,sɨmiaɾ,p,m,"voi,nas,son"
spear,43546,lanθa,lɐ̃sɐ,θ,s,strid
spine,43717,ɛspina+ðoɾsal,ʃpiɲɐ+duɾsalˠ,l,lˠ,hi
spine,43717,ɛspina+ðoɾsal,ʃpiɲɐ+duɾsalˠ,n,ɲ,"ant,cor,hi"
spine,43717,ɛspina+ðoɾsal,ʃpiɲɐ+duɾsalˠ,s,ʃ,ant
spine,43717,ɛspina+ðoɾsal,ʃpiɲɐ+duɾsalˠ,ð,d,cont
spit,43761,saliβa,kuʃpiɾ,l,ʃ,"voi,ant,strid,son"
spit,43761,saliβa,kuʃpiɾ,s,k,"cont,ant,cor,back,strid,hi"
splash,43791,salpikaɾ,ʃɐpiɲaɾ,k,ɲ,"voi,nas,back,son"
splash,43791,salpikaɾ,ʃɐpiɲaɾ,s,ʃ,ant
spleen,43816,baθo,basu,θ,s,strid
split,43836,endɛɾ,pɐɾtiɾ,d,t,voi
split,43836,endɛɾ,pɐɾtiɾ,n,ɾ,"cont,nas,hi,lo"
split,43836,paɾtiɾ,fẽdeɾ,p,f,"cont,strid"
split,43836,paɾtiɾ,fẽdeɾ,t,d,voi
spreadout,43961,ɛspaɾθiɾ,ʃpɐʎaɾ,s,ʃ,ant
spreadout,43961,ɛspaɾθiɾ,ʃpɐʎaɾ,ɾ,ʎ,"ant,hi,lo"
spreadout,43961,ɛspaɾθiɾ,ʃtẽdeɾ,p,t,"cor,lab"
spreadout,43961,ɛspaɾθiɾ,ʃtẽdeɾ,s,ʃ,ant
spreadout,43961,ɛspaɾθiɾ,ʃtẽdeɾ,θ,d,"cont,voi"
spreadout,43961,ɛstendɛɾ,ʃpɐʎaɾ,d,ʎ,"cont,ant,hi,son"
spreadout,43961,ɛstendɛɾ,ʃpɐʎaɾ,s,ʃ,ant
spreadout,43961,ɛstendɛɾ,ʃpɐʎaɾ,t,p,"cor,lab"
spreadout,43961,ɛstendɛɾ,ʃtẽdeɾ,s,ʃ,ant
springorwell,44049,poθo,nɐʃsẽtɨ,p,s,"cont,cor,lab,strid"
springorwell,44049,poθo,nɐʃsẽtɨ,θ,t,cont
springtime,44078,pɾimaβɛɾa,pɾimɐveɾɐ,β,v,strid
square,44124,kwaðɾaðo,kwɐdɾadu,ð,d,cont
square,44124,kwaðɾaðo,kwɐdɾadu,ð,d,cont
squeeze,44156,ɛspɾimiɾ,ʃpɾɨmeɾ,s,ʃ,ant
squeeze,44156,ɛstɾuxaɾ,kõpɾimiɾ,t,p,"cor,lab"
squeeze,44156,ɛstɾuxaɾ,kõpɾimiɾ,x,m,"cont,voi,nas,ant,lab,back,hi,son"
squeeze,44156,ɛstɾuxaɾ,ʃpɾɨmeɾ,s,ʃ,ant
squeeze,44156,ɛstɾuxaɾ,ʃpɾɨmeɾ,t,p,"cor,lab"
squeeze,44156,ɛstɾuxaɾ,ʃpɾɨmeɾ,x,m,"cont,voi,nas,ant,lab,back,hi,son"
stable,44204,ɛstaβlo,ʃtabulu,s,t,"cont,strid"
stallion,44266,semental,gɐɾɐɲɐ̃ũ,m,ɾ,"cont,nas,cor,lab,hi,lo"
stallion,44266,semental,gɐɾɐɲɐ̃ũ,n,ɲ,"ant,cor,hi"
stallion,44266,semental,gɐɾɐɲɐ̃ũ,s,g,"cont,voi,ant,cor,back,strid,hi"
stand,44291,ponɛɾ+ðe+pje,fikaɾ+ɐ̃ĩ+pɛ,n,k,"voi,nas,ant,cor,back,hi,son"
stand,44291,ponɛɾ+ðe+pje,fikaɾ+ɐ̃ĩ+pɛ,p,f,"cont,strid"
stand,44291,ponɛɾ+ðe+pje,ʃtaɾ+ɐ̃ĩ+pɛ,n,t,"voi,nas,son"
stand,44291,ponɛɾ+ðe+pje,ʃtaɾ+ɐ̃ĩ+pɛ,p,ʃ,"cont,ant,cor,lab,strid"
stepmother,44537,maðɾastɾa,mɐdɾaʃtɐ,s,ʃ,ant
stepmother,44537,maðɾastɾa,mɐdɾaʃtɐ,ð,d,cont
stepson,44572,entenaðo,ẽtiadu,ð,d,cont
stinking,44779,eðjondo,fɨduɾẽtu,d,t,voi
stinking,44779,eðjondo,fɨduɾẽtu,ð,d,cont
stomach,44870,ɛstomaɣo,bɐʁigɐ,m,ʁ,"cont,nas,ant,lab,back,strid,son"
stomach,44870,ɛstomaɣo,bɐʁigɐ,t,b,"voi,cor,lab"
stomach,44870,ɛstomaɣo,bɐʁigɐ,ɣ,g,cont
stomach,44870,ɛstomaɣo,ʃtomɐgu,s,ʃ,ant
stomach,44870,ɛstomaɣo,ʃtomɐgu,ɣ,g,cont
stoneorrock,44965,pjeðɾa,kɐʎau,p,k,"ant,lab,back,hi"
stoneorrock,44965,pjeðɾa,kɐʎau,ɾ,ʎ,"ant,hi,lo"
stoneorrock,44965,pjeðɾa,ʁɔʃɐ,j,ʁ,"back,strid,hi,son"
stoneorrock,44965,pjeðɾa,ʁɔʃɐ,ð,ʃ,"voi,ant,strid"
stoneorrock,44965,roka,kɐʎau,k,ʎ,"cont,voi,cor,back,son"
stoneorrock,44965,roka,kɐʎau,r,k,"cont,voi,ant,cor,back,hi,lo,son"
stoneorrock,44965,roka,ʁɔʃɐ,k,ʃ,"cont,cor,back,strid,hi"
stoneorrock,44965,roka,ʁɔʃɐ,r,ʁ,"ant,cor,back,strid,hi,lo,son"
store,44979,almaθen,lɔʒɐ,θ,ʒ,"voi,ant,strid"
store,44979,tjenda,lɔʒɐ,d,ʒ,"cont,ant,strid"
store,44979,tjenda,lɔʒɐ,t,l,"cont,voi,son"
storm,45004,tempɛstað,tẽpɨʃtadɨ,m,p,"voi,nas,son"
storm,45004,tempɛstað,tẽpɨʃtadɨ,s,t,"cont,strid"
straight,45099,dɛɾetʃo,ʁɛtu,d,ʁ,"cont,ant,cor,back,strid"
straight,45099,dɛɾetʃo,ʁɛtu,ɾ,t,"cont,voi,hi,lo,son"
straight,45099,rekto,diɾɐitu,k,ɾ,"cont,voi,ant,cor,back,hi,lo,son"
straight,45099,rekto,diɾɐitu,r,d,"cont,hi,lo,son"
straight,45099,rekto,ʁɛtu,r,ʁ,"ant,cor,back,strid,hi,lo,son"
stranger,45119,foɾastɛɾo,fuɾɐʃtɐiɾu,s,ʃ,ant
stranger,45119,foɾastɛɾo,ʃtɾɐɲu,f,ʃ,"ant,cor,lab"
stranger,45119,foɾastɛɾo,ʃtɾɐɲu,s,t,"cont,strid"
stranger,45119,foɾastɛɾo,ʃtɾɐɲu,t,ɾ,"cont,voi,hi,lo,son"
stranger,45119,foɾastɛɾo,ʃtɾɐɲu,ɾ,ɲ,"cont,nas,ant,cor,hi,lo"
stranger,45119,ɛstɾanxɛɾo,fuɾɐʃtɐiɾu,n,ʃ,"cont,voi,nas,ant,strid,son"
stranger,45119,ɛstɾanxɛɾo,fuɾɐʃtɐiɾu,s,f,"cor,lab"
stranger,45119,ɛstɾanxɛɾo,fuɾɐʃtɐiɾu,x,t,"cont,ant,cor,back,hi"
stranger,45119,ɛstɾanxɛɾo,ʃtɾɐɲu,n,ɲ,"ant,cor,hi"
stranger,45119,ɛstɾanxɛɾo,ʃtɾɐɲu,s,ʃ,ant
stretch,45220,alaɾɣaɾ,ʃtikaɾ,l,t,"cont,voi,son"
stretch,45220,alaɾɣaɾ,ʃtikaɾ,ɣ,k,"cont,voi"
stretch,45220,tendɛɾ,ʃtikaɾ,d,k,"voi,ant,cor,back,hi"
stretch,45220,tendɛɾ,ʃtikaɾ,t,ʃ,"cont,ant,strid"
stretch,45220,ɛstiɾaɾ,ʃtikaɾ,s,ʃ,ant
stretch,45220,ɛstiɾaɾ,ʃtikaɾ,ɾ,k,"cont,voi,ant,cor,back,hi,lo,son"
strikeorbeat,45261,golpeaɾ,bɐteɾ,g,b,"ant,lab,back,hi"
strikeorbeat,45261,golpeaɾ,bɐteɾ,p,t,"cor,lab"
strikeorbeat,45261,golpeaɾ,gɔlˠpiaɾ,l,lˠ,hi
study,45428,ɛstuðjaɾ,ʃtudaɾ,s,ʃ,ant
study,45428,ɛstuðjaɾ,ʃtudaɾ,ð,d,cont
stupid,45460,neθjo,tɔlu,n,t,"voi,nas,son"
stupid,45460,neθjo,tɔlu,θ,l,"voi,son"
stutter,45553,balβuθeaɾ,gɐgwɨʒaɾ,b,g,"ant,lab,back,hi"
stutter,45553,balβuθeaɾ,gɐgwɨʒaɾ,l,g,"cont,ant,cor,back,hi,son"
stutter,45553,balβuθeaɾ,gɐgwɨʒaɾ,β,w,"ant,back,round,hi,son"
stutter,45553,balβuθeaɾ,gɐgwɨʒaɾ,θ,ʒ,"voi,ant,strid"
suck,45601,tʃupaɾ,sugaɾ,p,g,"voi,ant,lab,back,hi"
sugar,45658,aθukaɾ,ɐsukɐɾ,θ,s,strid
sugarcane,45670,kaɲa+ðe+aθukaɾ,kɐnɐ+dɨ+ɐsukɐɾ,ð,d,cont
sugarcane,45670,kaɲa+ðe+aθukaɾ,kɐnɐ+dɨ+ɐsukɐɾ,ɲ,n,"ant,cor,hi"
sugarcane,45670,kaɲa+ðe+aθukaɾ,kɐnɐ+dɨ+ɐsukɐɾ,θ,s,strid
summer,45673,bɛɾano,vɨɾɐ̃ũ,b,v,"cont,strid"
sun,45748,sol,sɔlˠ,l,lˠ,hi
surprised,45815,soɾpɾendiðo,suɾpɾɛzu,ð,z,strid
surprised,45815,soɾpɾendiðo,ʃpɐ̃tadu,d,t,voi
surprised,45815,soɾpɾendiðo,ʃpɐ̃tadu,s,ʃ,ant
surprised,45815,soɾpɾendiðo,ʃpɐ̃tadu,ð,d,cont
surprised,45815,ɛstupefakto,suɾpɾɛzu,f,ɾ,"voi,cor,lab,strid,hi,lo,son"
surprised,45815,ɛstupefakto,suɾpɾɛzu,p,ɾ,"cont,voi,cor,lab,hi,lo,son"
surprised,45815,ɛstupefakto,suɾpɾɛzu,t,z,"cont,voi,strid"
surprised,45815,ɛstupefakto,ʃpɐ̃tadu,f,t,"cont,cor,lab,strid"
surprised,45815,ɛstupefakto,ʃpɐ̃tadu,s,ʃ,ant
surprised,45815,ɛstupefakto,ʃpɐ̃tadu,t,d,voi
surrender,45839,rendiɾse,kɐpitulaɾ,d,t,voi
surrender,45839,rendiɾse,kɐpitulaɾ,n,p,"voi,nas,cor,lab,son"
surrender,45839,rendiɾse,kɐpitulaɾ,r,k,"cont,voi,ant,cor,back,hi,lo,son"
surrender,45839,rendiɾse,kɐpitulaɾ,ɾ,l,"hi,lo"
surrender,45839,rendiɾse,ʁẽdɛɾsɨ,r,ʁ,"ant,cor,back,strid,hi,lo,son"
suspect,45851,sospetʃaɾ,suʃpɐitaɾ,s,ʃ,ant
swallow,45879,tɾaɣaɾ,tɾɐgaɾ,ɣ,g,cont
swallow,45879,tɾaɣaɾ,ẽguliɾ,ɣ,l,"ant,cor,back,hi,son"
swallow,45879,tɾaɣaɾ,ẽguliɾ,ɾ,g,"cont,ant,cor,back,hi,lo,son"
swim,46205,naðaɾ,nɐdaɾ,ð,d,cont
sword,46300,ɛspaða,ʃpadɐ,s,ʃ,ant
sword,46300,ɛspaða,ʃpadɐ,ð,d,cont
table,46325,mesa,mɛzɐ,s,z,voi
tastesomething,46613,saβoɾeaɾ,gɔʃtu,ɾ,ʃ,"voi,ant,strid,hi,lo,son"
tastesomething,46613,saβoɾeaɾ,gɔʃtu,β,g,"cont,ant,lab,back,hi"
tattoo,46651,tatwaxe,tɐtwaʒɐ̃ĩ,x,ʒ,"voi,cor,back,strid,hi"
tax,46670,tɾiβuto,taʃɐ,t,ʃ,"cont,ant,strid"
tax,46670,tɾiβuto,ĩpoʃtu,ɾ,p,"cont,voi,cor,lab,hi,lo,son"
tax,46670,tɾiβuto,ĩpoʃtu,β,ʃ,"voi,ant,cor,lab,strid"
teacher,46789,maɛstɾo,pɾufɨsɔɾ,m,p,"voi,nas,son"
teacher,46789,maɛstɾo,pɾufɨsɔɾ,s,f,"cor,lab"
teacher,46789,maɛstɾo,pɾufɨsɔɾ,ɾ,s,"voi,strid,hi,lo,son"
tearofeye,46838,laɣɾima,lagɾimɐ,ɣ,g,cont
tell,46932,naraɾ,ʁɨlɐtaɾ,n,l,"cont,nas"
tell,46932,naraɾ,ʁɨlɐtaɾ,r,t,"cont,voi,hi,lo,son"
temple,46989,iɣlesja,igɾɐʒɐ,l,ɾ,"hi,lo"
temple,46989,iɣlesja,igɾɐʒɐ,s,ʒ,"voi,ant"
temple,46989,iɣlesja,igɾɐʒɐ,ɣ,g,cont
temple,46989,iɣlesja,tẽplu,j,l,"ant,cor,hi"
temple,46989,iɣlesja,tẽplu,l,t,"cont,voi,son"
temple,46989,iɣlesja,tẽplu,s,p,"cont,cor,lab,strid"
ten,47056,djɛθ,dɛʃ,θ,ʃ,"ant,strid"
tent,47113,toldo,bɐʁakɐ,d,k,"voi,ant,cor,back,hi"
tent,47113,toldo,bɐʁakɐ,l,ʁ,"ant,cor,back,strid,son"
tent,47113,toldo,bɐʁakɐ,t,b,"voi,cor,lab"
testicles,47149,tɛstikulo,tɨʃtikulu,s,ʃ,ant
thatch,47223,paxa,paʎɐ,x,ʎ,"voi,cor,back,son"
thatch,47223,paxa,sɐpɛ,p,s,"cont,cor,lab,strid"
thatch,47223,paxa,sɐpɛ,x,p,"cont,ant,lab,back,hi"
they,47338,eʎas,ɛlɐʃ,s,ʃ,ant
they,47338,eʎas,ɛlɐʃ,ʎ,l,"ant,hi"
they,47338,eʎas,ɛlɨʃ,s,ʃ,ant
they,47338,eʎas,ɛlɨʃ,ʎ,l,"ant,hi"
they,47338,eʎos,ɛlɐʃ,s,ʃ,ant
they,47338,eʎos,ɛlɐʃ,ʎ,l,"ant,hi"
they,47338,eʎos,ɛlɨʃ,s,ʃ,ant
they,47338,eʎos,ɛlɨʃ,ʎ,l,"ant,hi"
thief,47379,laðɾon,lɐdɾɐ̃ũ,ð,d,cont
thinofshapeofobject,47543,dɛlɣaðo,dɛlˠgadu,l,lˠ,hi
thinofshapeofobject,47543,dɛlɣaðo,dɛlˠgadu,ð,d,cont
thinofshapeofobject,47543,dɛlɣaðo,dɛlˠgadu,ɣ,g,cont
third,47622,tɛɾθɛɾo,tɨɾsɐiɾu,θ,s,strid
thousand,47829,mil,milˠ,l,lˠ,hi
thread,47886,ilo,fjɔ,l,j,"ant,cor,hi"
thread,47886,ilo,liɲɐ,l,ɲ,"cont,nas,ant,cor,hi"
threaten,47926,amenaθaɾ,ɐmiɐsaɾ,θ,s,strid
three,47931,tɾes,tɾeʃ,s,ʃ,ant
threetimes,47977,tɾes+βeθes,tɾeʃ+vɛzɨʃ,s,ʃ,ant
threetimes,47977,tɾes+βeθes,tɾeʃ+vɛzɨʃ,s,ʃ,ant
threetimes,47977,tɾes+βeθes,tɾeʃ+vɛzɨʃ,β,v,strid
threetimes,47977,tɾes+βeθes,tɾeʃ+vɛzɨʃ,θ,z,"voi,strid"
thresh,47985,dɛsɣɾanaɾ,dɨbuʎaɾ,n,ʎ,"cont,nas,ant,hi"
thresh,47985,dɛsɣɾanaɾ,dɨbuʎaɾ,ɣ,b,"cont,ant,lab,back,hi"
thresh,47985,tɾiʎaɾ,dɨbuʎaɾ,t,d,voi
thresh,47985,tɾiʎaɾ,dɨbuʎaɾ,ɾ,b,"cont,cor,lab,hi,lo,son"
throat,48036,gaɾɣanta,gɐɾgɐ̃tɐ,ɣ,g,cont
thumb,48161,pulɣaɾ,pulɨgaɾ,ɣ,g,cont
tie,48350,amaraɾ,ɐmɐʁaɾ,r,ʁ,"ant,cor,back,strid,hi,lo,son"
tinortinplate,48493,ɛstaɲo,ʃtɐɲu,s,ʃ,ant
tired,48562,kansaðo,kɐ̃sadu,ð,d,cont
tired,48562,kansaðo,ʃtɐfadu,k,ʃ,"cont,cor,back,strid,hi"
tired,48562,kansaðo,ʃtɐfadu,s,f,"cor,lab"
tired,48562,kansaðo,ʃtɐfadu,ð,d,cont
tobacco,48579,taβako,tɐbaku,β,b,cont
toe,48657,deðo+ðɛl+pje,dɛdu+du+pɛ,ð,d,cont
toe,48657,deðo+ðɛl+pje,dɛdu+du+pɛ,ð,d,cont
tomorrow,48745,maɲana,ɐmɐɲɐ̃,n,ɲ,"ant,cor,hi"
tomorrow,48745,maɲana,ɐmɐɲɐ̃,ɲ,m,"ant,lab,hi"
tongs,48810,tenaθas,pĩsɐ,t,p,"cor,lab"
tongs,48810,tenaθas,pĩsɐ,θ,s,strid
tool,48878,ɛramjenta,fɨʁɐmẽtɐ,m,ʁ,"cont,nas,ant,lab,back,strid,son"
top,48924,θima,kumɨ,θ,k,"cont,ant,cor,back,hi"
treestump,49374,θepa,tɔku,p,k,"ant,lab,back,hi"
treestump,49374,θepa,tɔku,θ,t,cont
trough,49441,batea,gɐmɛlɐ,b,g,"ant,lab,back,hi"
trough,49441,batea,gɐmɛlɐ,t,m,"voi,nas,cor,lab,son"
trousers,49468,kalθones,kalˠsɐʃ,l,lˠ,hi
trousers,49468,kalθones,kalˠsɐʃ,s,ʃ,ant
trousers,49468,kalθones,kalˠsɐʃ,θ,s,strid
trousers,49468,pantalones,kalˠsɐʃ,l,lˠ,hi
trousers,49468,pantalones,kalˠsɐʃ,n,s,"cont,voi,nas,strid,son"
trousers,49468,pantalones,kalˠsɐʃ,p,k,"ant,lab,back,hi"
trousers,49468,pantalones,kalˠsɐʃ,s,ʃ,ant
try,49598,pɾoβaɾ,pɾuvaɾ,β,v,strid
try,49598,pɾoβaɾ,tẽtaɾ,p,t,"cor,lab"
try,49598,pɾoβaɾ,tẽtaɾ,β,t,"cont,voi,cor,lab"
try,49598,tɾataɾ,pɾuvaɾ,t,p,"cor,lab"
try,49598,tɾataɾ,pɾuvaɾ,t,v,"cont,voi,cor,lab,strid"
turnsomething,49769,bolkaɾ,viɾaɾ,b,v,"cont,strid"
turnsomething,49769,bolkaɾ,viɾaɾ,l,ɾ,"hi,lo"
twelve,49844,doθe,dozɨ,θ,z,"voi,strid"
twenty,49887,beinte,vĩtɨ,b,v,"cont,strid"
twice,49910,dos+βeθes,dwaʃ+vɛzɨʃ,s,ʃ,ant
twice,49910,dos+βeθes,dwaʃ+vɛzɨʃ,s,ʃ,ant
twice,49910,dos+βeθes,dwaʃ+vɛzɨʃ,β,v,strid
twice,49910,dos+βeθes,dwaʃ+vɛzɨʃ,θ,z,"voi,strid"
twins,49966,meʎiθo,ʒemiuʃ,m,ʒ,"cont,nas,ant,cor,lab,strid,son"
twins,49966,meʎiθo,ʒemiuʃ,ʎ,m,"cont,nas,ant,cor,lab,hi"
twins,49966,xemelos,ʒemiuʃ,s,ʃ,ant
twins,49966,xemelos,ʒemiuʃ,x,ʒ,"voi,cor,back,strid,hi"
twistaround,49983,toɾθɛɾ,tuɾseɾ,θ,s,strid
two,50006,dos,doiʃ,s,ʃ,ant
understand,50160,entendɛɾ,kõpɾɨẽdeɾ,n,p,"voi,nas,cor,lab,son"
understand,50160,entendɛɾ,kõpɾɨẽdeɾ,t,ɾ,"cont,voi,hi,lo,son"
unripe,50217,bɛɾðe,imɐtuɾu,b,m,"nas,son"
unripe,50217,bɛɾðe,imɐtuɾu,ð,ɾ,"hi,lo,son"
unripe,50217,bɛɾðe,imɐtuɾu,ɾ,t,"cont,voi,hi,lo,son"
unripe,50217,bɛɾðe,vɛɾdɨ,b,v,"cont,strid"
unripe,50217,bɛɾðe,vɛɾdɨ,ð,d,cont
untie,50236,desataɾ,dɨzɐtaɾ,s,z,voi
up,50270,ariβa,sobɾɨ,β,ɾ,"cor,lab,hi,lo,son"
up,50270,enθima,sobɾɨ,m,ɾ,"cont,nas,cor,lab,hi,lo"
up,50270,enθima,sobɾɨ,n,s,"cont,voi,nas,strid,son"
valley,50424,baʎe,valɨ,b,v,"cont,strid"
valley,50424,baʎe,valɨ,ʎ,l,"ant,hi"
vegetables,50459,leɣumbɾes,lɨgumɨʃ,s,ʃ,ant
vegetables,50459,leɣumbɾes,lɨgumɨʃ,ɣ,g,cont
vegetables,50459,leɣumbɾes,vɨɾduɾɐʃ,l,v,"cor,lab,strid,son"
vegetables,50459,leɣumbɾes,vɨɾduɾɐʃ,m,d,"nas,cor,lab,son"
vegetables,50459,leɣumbɾes,vɨɾduɾɐʃ,s,ʃ,ant
vegetables,50459,leɣumbɾes,vɨɾduɾɐʃ,ɣ,ɾ,"ant,cor,back,hi,lo,son"
victory,50532,biktoɾja,vitɔɾiɐ,b,v,"cont,strid"
voice,50682,boθ,vɔʃ,b,v,"cont,strid"
voice,50682,boθ,vɔʃ,θ,ʃ,"ant,strid"
vomit,50713,bomitaɾ,vumitaɾ,b,v,"cont,strid"
vulture,50762,bwitɾe,ɐbutɾɨ,w,b,"cont,ant,back,round,hi,son"
waist,50818,θintuɾa,sĩtuɾɐ,θ,s,strid
walk,50959,kaminaɾ,kɐmiɲaɾ,n,ɲ,"ant,cor,hi"
walkingstick,51020,baston,bɐʃtɐ̃ũ,s,ʃ,ant
walkingstick,51020,boɾðon,bɐʃtɐ̃ũ,ð,t,"cont,voi"
walkingstick,51020,boɾðon,bɐʃtɐ̃ũ,ɾ,ʃ,"voi,ant,strid,hi,lo,son"
wallofhouse,51089,muɾo,pɐɾɛdɨ,m,p,"voi,nas,son"
warm,51211,kaliðo,kalidu,ð,d,cont
wash,51238,laβaɾ,lɐvaɾ,β,v,strid
wasp,51289,aβispa,vɛʃpɐ,s,ʃ,ant
wasp,51289,aβispa,vɛʃpɐ,β,v,strid
water,51336,aɣwa,agwɐ,ɣ,g,cont
waterfall,51372,kaskaða,kɐʃkatɐ,s,ʃ,ant
waterfall,51372,kaskaða,kɐʃkatɐ,ð,t,"cont,voi"
weak,51489,deβil,dɛbilˠ,l,lˠ,hi
weak,51489,deβil,dɛbilˠ,β,b,cont
weapons,51575,aɾmas,aɾmɐʃ,s,ʃ,ant
weave,51644,texɛɾ,tɨseɾ,x,s,"ant,cor,back,strid,hi"
wednesday,51684,mjɛɾkoles,kwɐɾtɐfɐiɾɐ,j,w,"lab,back,round"
wednesday,51684,mjɛɾkoles,kwɐɾtɐfɐiɾɐ,k,t,"ant,cor,back,hi"
wednesday,51684,mjɛɾkoles,kwɐɾtɐfɐiɾɐ,l,f,"voi,cor,lab,strid,son"
wednesday,51684,mjɛɾkoles,kwɐɾtɐfɐiɾɐ,m,k,"voi,nas,ant,lab,back,hi,son"
weexclusive,51755,nosotɾas,nɔʃ,s,ʃ,ant
weexclusive,51755,nosotɾos,nɔʃ,s,ʃ,ant
weigh,51765,pesaɾ,pɨzaɾ,s,z,voi
weinclusive,51786,nosotɾas,nɔʃ,s,ʃ,ant
weinclusive,51786,nosotɾos,nɔʃ,s,ʃ,ant
wet,51893,moxaðo,muʎadu,x,ʎ,"voi,cor,back,son"
wet,51893,moxaðo,muʎadu,ð,d,cont
wet,51893,moxaðo,umidu,x,m,"cont,voi,nas,ant,lab,back,hi,son"
wet,51893,moxaðo,umidu,ð,d,cont
wet,51893,umeðo,muʎadu,m,ʎ,"cont,nas,ant,cor,lab,hi"
wet,51893,umeðo,muʎadu,ð,d,cont
wet,51893,umeðo,umidu,ð,d,cont
whale,51945,baʎena,bɐlɐiɐ,ʎ,l,"ant,hi"
wheat,52004,tɾiɣo,tɾigu,ɣ,g,cont
wheel,52029,rweða,ʁɔdɐ,w,ʁ,"lab,round,strid,hi,son"
wheel,52029,rweða,ʁɔdɐ,ð,d,cont
whirlpool,52164,remolino,ʁɨdɨmoiɲu,l,m,"cont,nas,cor,lab"
whirlpool,52164,remolino,ʁɨdɨmoiɲu,m,d,"nas,cor,lab,son"
whirlpool,52164,remolino,ʁɨdɨmoiɲu,n,ɲ,"ant,cor,hi"
whirlpool,52164,remolino,ʁɨdɨmoiɲu,r,ʁ,"ant,cor,back,strid,hi,lo,son"
whirlpool,52164,remolino,ʁɨmoiɲu,n,ɲ,"ant,cor,hi"
whirlpool,52164,remolino,ʁɨmoiɲu,r,ʁ,"ant,cor,back,strid,hi,lo,son"
whistle,52188,silβaɾ,ɐsubjaɾ,l,b,"cont,cor,lab,son"
whistle,52188,silβaɾ,ɐsubjaɾ,β,j,"ant,lab,hi,son"
whistle,52188,tʃiflaɾ,ɐsubjaɾ,f,b,"cont,voi,strid"
whistle,52188,tʃiflaɾ,ɐsubjaɾ,l,j,"ant,cor,hi"
widow,52443,bjuða,viuvɐ,b,v,"cont,strid"
widow,52443,bjuða,viuvɐ,ð,v,"cor,lab,strid"
widower,52465,bjuðo,viuvu,b,v,"cont,strid"
widower,52465,bjuðo,viuvu,ð,v,"cor,lab,strid"
wind,52579,bjento,vẽtu,b,v,"cont,strid"
window,52616,bentana,ʒɐnɛlɐ,b,ʒ,"cont,ant,cor,lab,strid"
window,52616,bentana,ʒɐnɛlɐ,n,l,"cont,nas"
wine,52666,bino,viɲu,b,v,"cont,strid"
wine,52666,bino,viɲu,n,ɲ,"ant,cor,hi"
witness,52782,tɛstiɣo,tɨʃtɨmuɲɐ,s,ʃ,ant
witness,52782,tɛstiɣo,tɨʃtɨmuɲɐ,ɣ,ɲ,"cont,nas,back,son"
wolf,52815,loβo,lɔbu,β,b,cont
woman,52854,muxɛɾ,muʎeɾ,x,ʎ,"voi,cor,back,son"
womb,52908,bjentɾe,utɨɾu,n,t,"voi,nas,son"
womb,52908,bjentɾe,vẽtɾɨ,b,v,"cont,strid"
womb,52908,matɾiθ,vẽtɾɨ,m,v,"cont,nas,strid,son"
wood,52961,maðɛɾa,mɐdɐiɾɐ,ð,d,cont
word,53057,palaβɾa,pɐlavɾɐ,β,v,strid
worklabour,53120,tɾaβaxaɾ,tɾɐbɐʎaɾ,x,ʎ,"voi,cor,back,son"
worklabour,53120,tɾaβaxaɾ,tɾɐbɐʎaɾ,β,b,cont
worm,53245,lombɾiθ,lõbɾigɐ,b,ɾ,"cont,cor,lab,hi,lo,son"
worm,53245,lombɾiθ,lõbɾigɐ,m,b,"nas,son"
wound,53370,ɛɾiða,fɨɾidɐ,ð,d,cont
wound,53370,ɛɾiða,ʃagɐ,ð,g,"cont,ant,cor,back,hi"
wound,53370,ɛɾiða,ʃagɐ,ɾ,ʃ,"voi,ant,strid,hi,lo,son"
wound,53370,ʎaɣa,fɨɾidɐ,ɣ,d,"cont,ant,cor,back,hi"
wound,53370,ʎaɣa,fɨɾidɐ,ʎ,ɾ,"ant,hi,lo"
wound,53370,ʎaɣa,ʃagɐ,ɣ,g,cont
wound,53370,ʎaɣa,ʃagɐ,ʎ,ʃ,"voi,strid,hi,son"
write,53481,ɛskɾiβiɾ,ʃkɾɨveɾ,s,ʃ,ant
write,53481,ɛskɾiβiɾ,ʃkɾɨveɾ,β,v,strid
wrong,53512,inkorekto,iʁadu,k,ʁ,"cont,voi,strid,hi"
wrong,53512,inkorekto,iʁadu,t,d,voi
yam,53524,ɲame,kɐɾa,m,ɾ,"cont,nas,cor,lab,hi,lo"
yam,53524,ɲame,kɐɾa,ɲ,k,"voi,nas,back,son"
yawn,53554,bosteθaɾ,busɨʒaɾ,θ,ʒ,"voi,ant,strid"
year,53585,aɲo,ɐnu,ɲ,n,"ant,cor,hi"
yellow,53632,amaɾiʎo,ɐmɐɾɛlu,ʎ,l,"ant,hi"
yes,53703,afiɾmatiβo,ɐfiɾmɐtivu,β,v,strid
yolk,53744,ɟʝema,ʒɛmɐ,ʝ,ʒ,"cor,strid,hi"
young,53789,xoβen,nɔvu,x,n,"cont,voi,nas,ant,cor,back,hi,son"
young,53789,xoβen,nɔvu,β,v,strid
young,53789,xoβen,ʒɔvɐ̃ĩ,x,ʒ,"voi,cor,back,strid,hi"
young,53789,xoβen,ʒɔvɐ̃ĩ,β,v,strid
youngersister,53857,ɛɾmana+menoɾ,iɾmɐ̃+maiʒ+nɔvɐ,m,n,"cor,lab"
youngersister,53857,ɛɾmana+menoɾ,iɾmɐ̃+maiʒ+nɔvɐ,n,m,"cor,lab"
youngersister,53857,ɛɾmana+menoɾ,iɾmɐ̃+maiʒ+nɔvɐ,n,v,"cont,nas,cor,lab,strid,son"
younggoatkid,53871,kaβɾito,kɐbɾitu,β,b,cont
